season,market,city,commodity,variety,unit,purchase_price,stock_level,stock_order,weather,seasonal_harvest,festival_or_event,day_of_week,peer_median_price,pct_vs_peer,price_anomaly
Summer,Khulna,Khulna,Garlic,Chinese Garlic,Kg,163.12,Medium,2,Rainy,No,No,Monday,151.19,7.9,0
Winter,Chattogram,Chattogram,Garlic,Chinese Garlic,Kg,151.94,Medium,2,Sunny,No,No,Sunday,152.03,-0.1,0
Winter,Karwan Bazar (Dhaka),Dhaka,Rice,Najirshail Rice,Kg,61.7,Medium,2,Sunny,Yes,No,Thursday,66.68,-7.5,0
Monsoon,Rajshahi,Rajshahi,Edible Oil,Soybean Oil,L,183.4,High,3,Rainy,No,Yes,Wednesday,178.49,2.8,0
Monsoon,Chattogram,Chattogram,Edible Oil,Soybean Oil,L,200.0,Medium,2,Sunny,No,Yes,Friday,178.49,12.1,0
Summer,Karwan Bazar (Dhaka),Dhaka,Garlic,Local Garlic,Kg,146.78,High,3,Sunny,Yes,No,Friday,150.39,-2.4,0
Monsoon,Barishal,Barishal,Potato,Cold Storage Potato,Kg,33.35,Medium,2,Sunny,No,No,Monday,32.63,2.2,0
Monsoon,Karwan Bazar (Dhaka),Dhaka,Rice,BR-28 Rice,Kg,67.82,Medium,2,Rainy,No,No,Monday,71.77,-5.5,0
Winter,Khulna,Khulna,Rice,Najirshail Rice,Kg,63.83,High,3,Sunny,No,Yes,Thursday,66.68,-4.3,0
Winter,Karwan Bazar (Dhaka),Dhaka,Garlic,Chinese Garlic,Kg,183.55,Low,1,Sunny,No,No,Saturday,152.03,20.7,1
Monsoon,Sylhet,Sylhet,Onion,Local Onion,Kg,79.05,Medium,2,Sunny,No,No,Wednesday,88.05,-10.2,0
Winter,Sylhet,Sylhet,Onion,Indian Onion,Kg,79.36,Medium,2,Rainy,No,No,Saturday,78.26,1.4,0
Summer,Barishal,Barishal,Onion,Indian Onion,Kg,51.76,Medium,2,Rainy,Yes,No,Friday,83.41,-37.9,0
Winter,Khulna,Khulna,Lentil,Imported Lentil,Kg,103.12,Medium,2,Sunny,Yes,No,Saturday,119.0,-13.3,0
Summer,Rajshahi,Rajshahi,Onion,Local Onion,Kg,99.88,Low,1,Sunny,No,Yes,Monday,86.06,16.1,1
Summer,Khulna,Khulna,Lentil,Local Lentil,Kg,123.89,Medium,2,Rainy,Yes,No,Thursday,118.59,4.5,0
Monsoon,Karwan Bazar (Dhaka),Dhaka,Rice,Miniket Rice,Kg,71.51,Low,1,Rainy,No,Yes,Monday,70.66,1.2,0
Winter,Khulna,Khulna,Lentil,Local Lentil,Kg,130.89,Medium,2,Rainy,No,No,Saturday,116.32,12.5,0
Summer,Chattogram,Chattogram,Onion,Local Onion,Kg,97.24,Medium,2,Sunny,No,No,Wednesday,86.06,13.0,0
Summer,Barishal,Barishal,Lentil,Imported Lentil,Kg,103.36,High,3,Rainy,No,No,Monday,120.06,-13.9,0
Monsoon,Rajshahi,Rajshahi,Lentil,Imported Lentil,Kg,107.4,High,3,Rainy,Yes,No,Thursday,126.9,-15.4,0
Winter,Barishal,Barishal,Onion,Local Onion,Kg,86.57,Medium,2,Rainy,Yes,No,Thursday,82.04,5.5,0
Monsoon,Barishal,Barishal,Lentil,Local Lentil,Kg,140.0,Medium,2,Rainy,No,Yes,Wednesday,126.51,10.7,0
Summer,Khulna,Khulna,Potato,Cold Storage Potato,Kg,35.66,Medium,2,Rainy,No,Yes,Saturday,30.5,16.9,1
Winter,Karwan Bazar (Dhaka),Dhaka,Rice,Najirshail Rice,Kg,66.81,Medium,2,Sunny,Yes,Yes,Tuesday,66.68,0.2,0
Winter,Chattogram,Chattogram,Rice,Najirshail Rice,Kg,70.65,Medium,2,Sunny,No,No,Monday,66.68,6.0,0
Summer,Karwan Bazar (Dhaka),Dhaka,Potato,Local Potato,Kg,34.36,Medium,2,Sunny,No,Yes,Monday,30.93,11.1,0
Monsoon,Sylhet,Sylhet,Garlic,Chinese Garlic,Kg,165.4,Medium,2,Flood,No,No,Sunday,166.29,-0.5,0
Summer,Chattogram,Chattogram,Garlic,Local Garlic,Kg,168.14,Medium,2,Sunny,Yes,Yes,Friday,150.39,11.8,0
Summer,Sylhet,Sylhet,Edible Oil,Palm Oil,L,155.56,Medium,2,Rainy,Yes,No,Sunday,162.73,-4.4,0
Summer,Sylhet,Sylhet,Lentil,Local Lentil,Kg,140.0,Low,1,Sunny,No,No,Friday,118.59,18.1,1
Winter,Karwan Bazar (Dhaka),Dhaka,Rice,BR-28 Rice,Kg,61.02,Medium,2,Sunny,Yes,Yes,Saturday,65.24,-6.5,0
Monsoon,Karwan Bazar (Dhaka),Dhaka,Potato,Cold Storage Potato,Kg,38.36,Low,1,Rainy,No,No,Tuesday,32.63,17.6,1
Winter,Karwan Bazar (Dhaka),Dhaka,Potato,Local Potato,Kg,28.26,Medium,2,Sunny,Yes,No,Wednesday,29.14,-3.0,0
Summer,Karwan Bazar (Dhaka),Dhaka,Potato,Cold Storage Potato,Kg,25.26,High,3,Sunny,Yes,No,Thursday,30.5,-17.2,0
Summer,Karwan Bazar (Dhaka),Dhaka,Potato,Local Potato,Kg,26.65,High,3,Sunny,Yes,Yes,Monday,30.93,-13.8,0
Monsoon,Karwan Bazar (Dhaka),Dhaka,Edible Oil,Soybean Oil,L,166.75,Medium,2,Rainy,Yes,No,Sunday,178.49,-6.6,0
Winter,Rajshahi,Rajshahi,Onion,Indian Onion,Kg,106.92,High,3,Rainy,No,No,Tuesday,78.26,36.6,1
Winter,Karwan Bazar (Dhaka),Dhaka,Edible Oil,Soybean Oil,L,156.65,Medium,2,Sunny,No,No,Tuesday,168.34,-6.9,0
Monsoon,Karwan Bazar (Dhaka),Dhaka,Lentil,Imported Lentil,Kg,126.27,Low,1,Rainy,No,No,Wednesday,126.9,-0.5,0
Winter,Rajshahi,Rajshahi,Rice,Miniket Rice,Kg,50.0,High,3,Sunny,Yes,No,Friday,67.13,-25.5,0
Monsoon,Karwan Bazar (Dhaka),Dhaka,Garlic,Chinese Garlic,Kg,192.15,Medium,2,Rainy,Yes,Yes,Thursday,166.29,15.6,1
Winter,Sylhet,Sylhet,Rice,Najirshail Rice,Kg,68.75,Medium,2,Sunny,No,No,Saturday,66.68,3.1,0
Winter,Sylhet,Sylhet,Rice,Najirshail Rice,Kg,60.42,Medium,2,Sunny,Yes,No,Wednesday,66.68,-9.4,0
Monsoon,Chattogram,Chattogram,Potato,Cold Storage Potato,Kg,30.43,High,3,Rainy,No,No,Thursday,32.63,-6.7,0
Winter,Sylhet,Sylhet,Lentil,Imported Lentil,Kg,132.9,Medium,2,Sunny,No,Yes,Wednesday,119.0,11.7,0
Summer,Rajshahi,Rajshahi,Onion,Indian Onion,Kg,62.9,High,3,Rainy,No,No,Sunday,83.41,-24.6,0
Summer,Barishal,Barishal,Edible Oil,Palm Oil,L,183.98,Medium,2,Sunny,No,No,Friday,162.73,13.1,0
Summer,Barishal,Barishal,Lentil,Local Lentil,Kg,112.23,Medium,2,Sunny,No,No,Saturday,118.59,-5.4,0
Monsoon,Rajshahi,Rajshahi,Potato,Cold Storage Potato,Kg,37.23,Low,1,Rainy,No,No,Friday,32.63,14.1,0
Monsoon,Karwan Bazar (Dhaka),Dhaka,Rice,BR-28 Rice,Kg,69.71,High,3,Sunny,No,No,Saturday,71.77,-2.9,0
Winter,Khulna,Khulna,Edible Oil,Soybean Oil,L,169.51,High,3,Rainy,No,No,Sunday,168.34,0.7,0
Summer,Karwan Bazar (Dhaka),Dhaka,Garlic,Chinese Garlic,Kg,166.33,Low,1,Rainy,No,Yes,Friday,151.19,10.0,0
Summer,Sylhet,Sylhet,Potato,Local Potato,Kg,31.24,Medium,2,Flood,Yes,No,Wednesday,30.93,1.0,0
Summer,Chattogram,Chattogram,Potato,Cold Storage Potato,Kg,25.38,High,3,Sunny,Yes,No,Friday,30.5,-16.8,0
Winter,Sylhet,Sylhet,Garlic,Chinese Garlic,Kg,195.27,Low,1,Rainy,No,No,Friday,152.03,28.4,1
Winter,Karwan Bazar (Dhaka),Dhaka,Lentil,Local Lentil,Kg,105.79,High,3,Sunny,Yes,Yes,Wednesday,116.32,-9.1,0
Summer,Chattogram,Chattogram,Lentil,Local Lentil,Kg,115.58,Medium,2,Sunny,No,No,Monday,118.59,-2.5,0
Winter,Chattogram,Chattogram,Rice,BR-28 Rice,Kg,58.84,Medium,2,Sunny,Yes,No,Thursday,65.24,-9.8,0
Monsoon,Rajshahi,Rajshahi,Garlic,Chinese Garlic,Kg,186.86,High,3,Rainy,No,No,Monday,166.29,12.4,0
Summer,Karwan Bazar (Dhaka),Dhaka,Edible Oil,Palm Oil,L,147.15,Medium,2,Sunny,Yes,No,Friday,162.73,-9.6,0
Monsoon,Rajshahi,Rajshahi,Lentil,Local Lentil,Kg,138.93,Medium,2,Rainy,No,Yes,Friday,126.51,9.8,0
Monsoon,Karwan Bazar (Dhaka),Dhaka,Rice,BR-28 Rice,Kg,70.37,Medium,2,Sunny,No,No,Monday,71.77,-2.0,0
Winter,Chattogram,Chattogram,Potato,Cold Storage Potato,Kg,28.24,Medium,2,Sunny,Yes,No,Saturday,31.4,-10.1,0
Monsoon,Rajshahi,Rajshahi,Onion,Local Onion,Kg,81.3,High,3,Rainy,Yes,No,Saturday,88.05,-7.7,0
Winter,Rajshahi,Rajshahi,Lentil,Imported Lentil,Kg,126.99,Low,1,Rainy,No,No,Thursday,119.0,6.7,0
Winter,Sylhet,Sylhet,Edible Oil,Soybean Oil,L,191.54,Medium,2,Sunny,No,Yes,Sunday,168.34,13.8,0
Summer,Chattogram,Chattogram,Rice,BR-28 Rice,Kg,80.0,Low,1,Sunny,Yes,Yes,Thursday,65.77,21.6,1
Monsoon,Chattogram,Chattogram,Potato,Cold Storage Potato,Kg,36.96,High,3,Rainy,No,No,Monday,32.63,13.3,0
Monsoon,Chattogram,Chattogram,Garlic,Local Garlic,Kg,158.92,Low,1,Rainy,Yes,No,Monday,158.92,0.0,0
Monsoon,Sylhet,Sylhet,Edible Oil,Palm Oil,L,193.53,Medium,2,Flood,No,No,Thursday,176.57,9.6,0
Monsoon,Chattogram,Chattogram,Potato,Local Potato,Kg,27.25,Medium,2,Rainy,No,No,Tuesday,33.39,-18.4,0
Monsoon,Khulna,Khulna,Garlic,Chinese Garlic,Kg,178.04,Medium,2,Sunny,No,No,Monday,166.29,7.1,0
Monsoon,Karwan Bazar (Dhaka),Dhaka,Rice,Miniket Rice,Kg,61.83,Medium,2,Rainy,Yes,No,Tuesday,70.66,-12.5,0
Winter,Khulna,Khulna,Potato,Local Potato,Kg,34.97,Medium,2,Sunny,No,No,Tuesday,29.14,20.0,1
Summer,Karwan Bazar (Dhaka),Dhaka,Lentil,Local Lentil,Kg,109.58,Medium,2,Rainy,Yes,No,Wednesday,118.59,-7.6,0
Summer,Khulna,Khulna,Potato,Local Potato,Kg,32.01,Medium,2,Sunny,Yes,No,Thursday,30.93,3.5,0
Winter,Sylhet,Sylhet,Potato,Local Potato,Kg,27.23,Medium,2,Sunny,No,No,Friday,29.14,-6.6,0
Summer,Rajshahi,Rajshahi,Lentil,Local Lentil,Kg,137.24,Medium,2,Sunny,No,No,Wednesday,118.59,15.7,1
Summer,Sylhet,Sylhet,Edible Oil,Palm Oil,L,157.65,Medium,2,Sunny,No,No,Monday,162.73,-3.1,0
Winter,Khulna,Khulna,Lentil,Imported Lentil,Kg,121.77,Medium,2,Rainy,Yes,No,Thursday,119.0,2.3,0
Summer,Khulna,Khulna,Lentil,Local Lentil,Kg,121.03,High,3,Sunny,No,Yes,Sunday,118.59,2.1,0
Summer,Chattogram,Chattogram,Onion,Indian Onion,Kg,93.12,Medium,2,Sunny,Yes,No,Tuesday,83.41,11.6,0
Monsoon,Rajshahi,Rajshahi,Garlic,Local Garlic,Kg,180.74,Medium,2,Sunny,No,Yes,Wednesday,158.92,13.7,0
Summer,Barishal,Barishal,Potato,Local Potato,Kg,35.74,Low,1,Rainy,No,Yes,Sunday,30.93,15.6,1
Monsoon,Karwan Bazar (Dhaka),Dhaka,Garlic,Local Garlic,Kg,197.63,High,3,Flood,Yes,Yes,Wednesday,158.92,24.4,1
Summer,Rajshahi,Rajshahi,Edible Oil,Soybean Oil,L,169.55,Low,1,Sunny,No,No,Saturday,170.56,-0.6,0
Summer,Karwan Bazar (Dhaka),Dhaka,Onion,Local Onion,Kg,116.86,Medium,2,Rainy,Yes,No,Saturday,86.06,35.8,1
Summer,Rajshahi,Rajshahi,Rice,BR-28 Rice,Kg,51.55,High,3,Sunny,Yes,No,Friday,65.77,-21.6,0
Summer,Karwan Bazar (Dhaka),Dhaka,Edible Oil,Palm Oil,L,195.18,Medium,2,Sunny,No,No,Wednesday,162.73,19.9,1
Summer,Rajshahi,Rajshahi,Potato,Local Potato,Kg,32.83,Medium,2,Sunny,Yes,Yes,Tuesday,30.93,6.1,0
Summer,Karwan Bazar (Dhaka),Dhaka,Garlic,Local Garlic,Kg,145.71,High,3,Sunny,No,No,Wednesday,150.39,-3.1,0
Monsoon,Barishal,Barishal,Garlic,Chinese Garlic,Kg,146.0,Medium,2,Rainy,Yes,No,Friday,166.29,-12.2,0
Monsoon,Khulna,Khulna,Edible Oil,Palm Oil,L,183.99,Low,1,Rainy,No,No,Monday,176.57,4.2,0
Monsoon,Rajshahi,Rajshahi,Garlic,Chinese Garlic,Kg,199.46,Medium,2,Flood,No,No,Wednesday,166.29,19.9,1
Summer,Chattogram,Chattogram,Onion,Local Onion,Kg,115.32,Low,1,Sunny,No,No,Sunday,86.06,34.0,1
Summer,Khulna,Khulna,Rice,Najirshail Rice,Kg,71.28,Low,1,Sunny,No,No,Thursday,65.16,9.4,0
Monsoon,Barishal,Barishal,Potato,Local Potato,Kg,39.41,Medium,2,Sunny,No,Yes,Saturday,33.39,18.0,1
Summer,Rajshahi,Rajshahi,Garlic,Local Garlic,Kg,159.69,Medium,2,Sunny,No,No,Monday,150.39,6.2,0
Monsoon,Karwan Bazar (Dhaka),Dhaka,Garlic,Local Garlic,Kg,147.38,Medium,2,Sunny,Yes,No,Sunday,158.92,-7.3,0
Monsoon,Rajshahi,Rajshahi,Edible Oil,Soybean Oil,L,187.51,Medium,2,Sunny,No,Yes,Wednesday,178.49,5.1,0
Summer,Chattogram,Chattogram,Edible Oil,Soybean Oil,L,200.0,Low,1,Rainy,No,Yes,Saturday,170.56,17.3,1
Winter,Rajshahi,Rajshahi,Onion,Indian Onion,Kg,91.07,Low,1,Sunny,Yes,No,Monday,78.26,16.4,1
Summer,Karwan Bazar (Dhaka),Dhaka,Onion,Indian Onion,Kg,88.95,Medium,2,Flood,No,No,Monday,83.41,6.6,0
Summer,Chattogram,Chattogram,Onion,Local Onion,Kg,71.89,Low,1,Sunny,Yes,Yes,Friday,86.06,-16.5,0
Winter,Chattogram,Chattogram,Rice,Miniket Rice,Kg,75.85,Low,1,Rainy,No,No,Thursday,67.13,13.0,0
Winter,Rajshahi,Rajshahi,Garlic,Local Garlic,Kg,195.46,Low,1,Sunny,No,No,Thursday,158.6,23.2,1
Summer,Sylhet,Sylhet,Potato,Local Potato,Kg,26.72,High,3,Sunny,Yes,No,Sunday,30.93,-13.6,0
Summer,Sylhet,Sylhet,Rice,Najirshail Rice,Kg,69.11,Medium,2,Sunny,Yes,No,Monday,65.16,6.1,0
Summer,Barishal,Barishal,Potato,Cold Storage Potato,Kg,27.79,High,3,Rainy,Yes,No,Saturday,30.5,-8.9,0
Monsoon,Khulna,Khulna,Potato,Cold Storage Potato,Kg,29.32,High,3,Sunny,No,No,Wednesday,32.63,-10.1,0
Winter,Karwan Bazar (Dhaka),Dhaka,Rice,BR-28 Rice,Kg,70.69,High,3,Sunny,Yes,No,Thursday,65.24,8.4,0
Monsoon,Sylhet,Sylhet,Onion,Indian Onion,Kg,63.65,Medium,2,Rainy,No,No,Monday,91.13,-30.2,0
Summer,Chattogram,Chattogram,Edible Oil,Palm Oil,L,144.31,Medium,2,Rainy,No,No,Thursday,162.73,-11.3,0
Monsoon,Khulna,Khulna,Garlic,Chinese Garlic,Kg,158.53,Medium,2,Rainy,No,No,Friday,166.29,-4.7,0
Monsoon,Rajshahi,Rajshahi,Lentil,Imported Lentil,Kg,124.31,Low,1,Sunny,No,No,Friday,126.9,-2.0,0
Monsoon,Rajshahi,Rajshahi,Potato,Local Potato,Kg,24.92,High,3,Sunny,No,No,Wednesday,33.39,-25.4,0
Summer,Rajshahi,Rajshahi,Rice,BR-28 Rice,Kg,66.13,Medium,2,Sunny,Yes,Yes,Friday,65.77,0.5,0
Winter,Chattogram,Chattogram,Potato,Cold Storage Potato,Kg,25.6,High,3,Sunny,Yes,No,Tuesday,31.4,-18.5,0
Summer,Chattogram,Chattogram,Edible Oil,Soybean Oil,L,131.12,Medium,2,Sunny,Yes,Yes,Monday,170.56,-23.1,0
Summer,Rajshahi,Rajshahi,Rice,BR-28 Rice,Kg,61.78,Medium,2,Rainy,Yes,No,Thursday,65.77,-6.1,0
Monsoon,Khulna,Khulna,Onion,Local Onion,Kg,91.41,Medium,2,Flood,No,No,Thursday,88.05,3.8,0
Monsoon,Rajshahi,Rajshahi,Onion,Indian Onion,Kg,70.86,Medium,2,Rainy,No,No,Tuesday,91.13,-22.2,0
Summer,Chattogram,Chattogram,Edible Oil,Palm Oil,L,178.8,Medium,2,Sunny,No,No,Monday,162.73,9.9,0
Monsoon,Karwan Bazar (Dhaka),Dhaka,Garlic,Chinese Garlic,Kg,166.39,Medium,2,Rainy,Yes,No,Sunday,166.29,0.1,0
Summer,Karwan Bazar (Dhaka),Dhaka,Garlic,Local Garlic,Kg,180.27,Medium,2,Sunny,No,Yes,Thursday,150.39,19.9,1
Summer,Rajshahi,Rajshahi,Rice,Najirshail Rice,Kg,62.97,Medium,2,Rainy,Yes,No,Tuesday,65.16,-3.4,0
Summer,Karwan Bazar (Dhaka),Dhaka,Onion,Local Onion,Kg,98.47,Medium,2,Sunny,Yes,No,Sunday,86.06,14.4,0
Summer,Karwan Bazar (Dhaka),Dhaka,Onion,Indian Onion,Kg,77.23,Medium,2,Sunny,Yes,No,Friday,83.41,-7.4,0
Winter,Khulna,Khulna,Rice,BR-28 Rice,Kg,55.78,High,3,Rainy,Yes,No,Sunday,65.24,-14.5,0
Monsoon,Karwan Bazar (Dhaka),Dhaka,Lentil,Local Lentil,Kg,137.59,Low,1,Rainy,No,No,Saturday,126.51,8.8,0
Monsoon,Khulna,Khulna,Onion,Indian Onion,Kg,107.98,High,3,Rainy,No,No,Wednesday,91.13,18.5,1
Summer,Karwan Bazar (Dhaka),Dhaka,Lentil,Local Lentil,Kg,102.84,Medium,2,Sunny,Yes,No,Wednesday,118.59,-13.3,0
Monsoon,Khulna,Khulna,Onion,Indian Onion,Kg,87.56,Low,1,Rainy,Yes,Yes,Wednesday,91.13,-3.9,0
Summer,Karwan Bazar (Dhaka),Dhaka,Onion,Indian Onion,Kg,96.95,Medium,2,Sunny,No,No,Thursday,83.41,16.2,1
Winter,Karwan Bazar (Dhaka),Dhaka,Rice,Najirshail Rice,Kg,62.42,Medium,2,Sunny,No,No,Monday,66.68,-6.4,0
Summer,Karwan Bazar (Dhaka),Dhaka,Edible Oil,Soybean Oil,L,200.0,Low,1,Sunny,No,Yes,Sunday,170.56,17.3,1
Monsoon,Sylhet,Sylhet,Edible Oil,Palm Oil,L,185.2,Medium,2,Rainy,No,No,Saturday,176.57,4.9,0
Monsoon,Khulna,Khulna,Lentil,Local Lentil,Kg,119.13,Medium,2,Sunny,No,No,Thursday,126.51,-5.8,0
Winter,Chattogram,Chattogram,Garlic,Local Garlic,Kg,171.37,Low,1,Sunny,No,No,Wednesday,158.6,8.1,0
Monsoon,Sylhet,Sylhet,Onion,Local Onion,Kg,75.14,Low,1,Rainy,No,No,Monday,88.05,-14.7,0
Summer,Karwan Bazar (Dhaka),Dhaka,Garlic,Chinese Garlic,Kg,153.08,High,3,Sunny,No,No,Monday,151.19,1.3,0
Summer,Rajshahi,Rajshahi,Onion,Local Onion,Kg,88.57,Medium,2,Rainy,Yes,No,Saturday,86.06,2.9,0
Summer,Sylhet,Sylhet,Rice,Najirshail Rice,Kg,75.95,Low,1,Sunny,No,No,Thursday,65.16,16.6,1
Monsoon,Chattogram,Chattogram,Edible Oil,Soybean Oil,L,200.0,Low,1,Flood,No,Yes,Tuesday,178.49,12.1,0
Summer,Chattogram,Chattogram,Potato,Local Potato,Kg,37.25,High,3,Sunny,No,No,Wednesday,30.93,20.4,1
Summer,Sylhet,Sylhet,Onion,Local Onion,Kg,55.26,Medium,2,Sunny,Yes,No,Tuesday,86.06,-35.8,0
Monsoon,Karwan Bazar (Dhaka),Dhaka,Onion,Indian Onion,Kg,92.52,High,3,Sunny,No,No,Sunday,91.13,1.5,0
Winter,Karwan Bazar (Dhaka),Dhaka,Potato,Local Potato,Kg,27.7,Medium,2,Rainy,No,No,Monday,29.14,-5.0,0
Summer,Rajshahi,Rajshahi,Lentil,Local Lentil,Kg,125.45,Medium,2,Sunny,No,No,Tuesday,118.59,5.8,0
Monsoon,Rajshahi,Rajshahi,Lentil,Local Lentil,Kg,117.94,High,3,Rainy,No,No,Monday,126.51,-6.8,0
Monsoon,Khulna,Khulna,Potato,Local Potato,Kg,34.54,Low,1,Sunny,Yes,No,Wednesday,33.39,3.4,0
Summer,Karwan Bazar (Dhaka),Dhaka,Garlic,Local Garlic,Kg,138.37,Medium,2,Sunny,Yes,No,Thursday,150.39,-8.0,0
Summer,Sylhet,Sylhet,Rice,Najirshail Rice,Kg,56.37,Medium,2,Sunny,Yes,No,Wednesday,65.16,-13.5,0
Winter,Karwan Bazar (Dhaka),Dhaka,Lentil,Local Lentil,Kg,119.12,Medium,2,Sunny,Yes,No,Wednesday,116.32,2.4,0
Summer,Rajshahi,Rajshahi,Rice,BR-28 Rice,Kg,61.97,Medium,2,Sunny,Yes,No,Wednesday,65.77,-5.8,0
Summer,Sylhet,Sylhet,Rice,BR-28 Rice,Kg,62.44,High,3,Sunny,Yes,Yes,Monday,65.77,-5.1,0
Winter,Karwan Bazar (Dhaka),Dhaka,Lentil,Imported Lentil,Kg,91.21,High,3,Sunny,Yes,No,Tuesday,119.0,-23.4,0
Winter,Chattogram,Chattogram,Garlic,Local Garlic,Kg,191.79,Low,1,Sunny,No,No,Tuesday,158.6,20.9,1
Monsoon,Karwan Bazar (Dhaka),Dhaka,Onion,Local Onion,Kg,67.15,Medium,2,Rainy,Yes,No,Wednesday,88.05,-23.7,0
Monsoon,Rajshahi,Rajshahi,Lentil,Local Lentil,Kg,132.2,Medium,2,Sunny,No,No,Thursday,126.51,4.5,0
Summer,Chattogram,Chattogram,Lentil,Imported Lentil,Kg,105.42,High,3,Rainy,Yes,No,Thursday,120.06,-12.2,0
Monsoon,Rajshahi,Rajshahi,Potato,Local Potato,Kg,31.9,High,3,Sunny,Yes,No,Tuesday,33.39,-4.5,0
Winter,Karwan Bazar (Dhaka),Dhaka,Potato,Local Potato,Kg,34.21,Medium,2,Sunny,No,No,Tuesday,29.14,17.4,1
Monsoon,Rajshahi,Rajshahi,Garlic,Local Garlic,Kg,146.4,Medium,2,Sunny,Yes,No,Monday,158.92,-7.9,0
Monsoon,Chattogram,Chattogram,Potato,Local Potato,Kg,29.64,Medium,2,Rainy,No,No,Thursday,33.39,-11.2,0
Monsoon,Khulna,Khulna,Edible Oil,Palm Oil,L,186.96,Medium,2,Rainy,No,No,Friday,176.57,5.9,0
Winter,Rajshahi,Rajshahi,Onion,Local Onion,Kg,61.87,Medium,2,Sunny,Yes,No,Friday,82.04,-24.6,0
Summer,Rajshahi,Rajshahi,Edible Oil,Palm Oil,L,146.37,High,3,Sunny,Yes,Yes,Tuesday,162.73,-10.1,0
Monsoon,Sylhet,Sylhet,Lentil,Local Lentil,Kg,121.08,Medium,2,Rainy,Yes,No,Sunday,126.51,-4.3,0
Monsoon,Karwan Bazar (Dhaka),Dhaka,Garlic,Local Garlic,Kg,156.3,Medium,2,Sunny,No,No,Monday,158.92,-1.6,0
Summer,Karwan Bazar (Dhaka),Dhaka,Potato,Local Potato,Kg,27.75,High,3,Sunny,Yes,No,Wednesday,30.93,-10.3,0
Monsoon,Karwan Bazar (Dhaka),Dhaka,Rice,BR-28 Rice,Kg,79.24,Medium,2,Rainy,No,Yes,Tuesday,71.77,10.4,0
Monsoon,Barishal,Barishal,Potato,Cold Storage Potato,Kg,27.42,Medium,2,Rainy,Yes,No,Saturday,32.63,-16.0,0
Monsoon,Karwan Bazar (Dhaka),Dhaka,Potato,Local Potato,Kg,22.9,High,3,Sunny,No,No,Friday,33.39,-31.4,0
Winter,Karwan Bazar (Dhaka),Dhaka,Potato,Cold Storage Potato,Kg,27.72,Low,1,Rainy,Yes,No,Wednesday,31.4,-11.7,0
Summer,Karwan Bazar (Dhaka),Dhaka,Onion,Local Onion,Kg,74.97,Low,1,Sunny,No,No,Friday,86.06,-12.9,0
Monsoon,Khulna,Khulna,Onion,Local Onion,Kg,60.59,Medium,2,Rainy,No,No,Sunday,88.05,-31.2,0
Monsoon,Rajshahi,Rajshahi,Onion,Indian Onion,Kg,100.55,High,3,Rainy,No,Yes,Thursday,91.13,10.3,0
Winter,Karwan Bazar (Dhaka),Dhaka,Potato,Cold Storage Potato,Kg,32.58,Medium,2,Sunny,No,Yes,Wednesday,31.4,3.8,0
Monsoon,Sylhet,Sylhet,Rice,BR-28 Rice,Kg,61.59,High,3,Rainy,No,No,Saturday,71.77,-14.2,0
Monsoon,Karwan Bazar (Dhaka),Dhaka,Garlic,Chinese Garlic,Kg,200.0,Low,1,Rainy,No,No,Saturday,166.29,20.3,1
Monsoon,Chattogram,Chattogram,Lentil,Local Lentil,Kg,135.04,High,3,Rainy,No,Yes,Sunday,126.51,6.7,0
Summer,Chattogram,Chattogram,Lentil,Imported Lentil,Kg,124.15,Medium,2,Rainy,Yes,No,Friday,120.06,3.4,0
Monsoon,Karwan Bazar (Dhaka),Dhaka,Rice,BR-28 Rice,Kg,67.3,Medium,2,Sunny,Yes,No,Sunday,71.77,-6.2,0
Summer,Rajshahi,Rajshahi,Lentil,Local Lentil,Kg,111.44,Medium,2,Rainy,No,No,Saturday,118.59,-6.0,0
Winter,Karwan Bazar (Dhaka),Dhaka,Lentil,Local Lentil,Kg,115.8,Medium,2,Sunny,Yes,No,Friday,116.32,-0.4,0
Winter,Chattogram,Chattogram,Garlic,Chinese Garlic,Kg,152.03,Medium,2,Rainy,No,No,Thursday,152.03,0.0,0
Winter,Khulna,Khulna,Onion,Indian Onion,Kg,72.7,Low,1,Sunny,No,No,Saturday,78.26,-7.1,0
Summer,Chattogram,Chattogram,Lentil,Local Lentil,Kg,110.81,Medium,2,Sunny,No,No,Friday,118.59,-6.6,0
Summer,Chattogram,Chattogram,Edible Oil,Soybean Oil,L,143.98,Medium,2,Sunny,Yes,No,Monday,170.56,-15.6,0
Winter,Sylhet,Sylhet,Garlic,Chinese Garlic,Kg,157.54,Medium,2,Sunny,No,No,Monday,152.03,3.6,0
Summer,Chattogram,Chattogram,Lentil,Local Lentil,Kg,136.71,Low,1,Sunny,No,Yes,Saturday,118.59,15.3,1
Summer,Sylhet,Sylhet,Garlic,Chinese Garlic,Kg,136.74,Medium,2,Sunny,Yes,No,Sunday,151.19,-9.6,0
Monsoon,Khulna,Khulna,Edible Oil,Palm Oil,L,171.76,Medium,2,Rainy,No,No,Monday,176.57,-2.7,0
Summer,Chattogram,Chattogram,Onion,Local Onion,Kg,72.88,Medium,2,Sunny,Yes,Yes,Thursday,86.06,-15.3,0
Monsoon,Sylhet,Sylhet,Rice,Miniket Rice,Kg,75.39,Medium,2,Rainy,No,No,Tuesday,70.66,6.7,0
Winter,Karwan Bazar (Dhaka),Dhaka,Onion,Indian Onion,Kg,67.38,High,3,Sunny,Yes,No,Tuesday,78.26,-13.9,0
Monsoon,Rajshahi,Rajshahi,Rice,Miniket Rice,Kg,78.52,Medium,2,Rainy,No,No,Tuesday,70.66,11.1,0
Monsoon,Rajshahi,Rajshahi,Rice,Miniket Rice,Kg,73.36,High,3,Rainy,No,No,Friday,70.66,3.8,0
Monsoon,Chattogram,Chattogram,Rice,Najirshail Rice,Kg,61.92,Medium,2,Sunny,No,No,Friday,68.15,-9.1,0
Winter,Rajshahi,Rajshahi,Potato,Local Potato,Kg,24.29,High,3,Sunny,Yes,No,Thursday,29.14,-16.7,0
Monsoon,Khulna,Khulna,Garlic,Chinese Garlic,Kg,127.65,High,3,Sunny,Yes,No,Wednesday,166.29,-23.2,0
Summer,Khulna,Khulna,Edible Oil,Palm Oil,L,145.29,High,3,Sunny,Yes,No,Saturday,162.73,-10.7,0
Winter,Khulna,Khulna,Lentil,Local Lentil,Kg,97.63,High,3,Sunny,Yes,No,Thursday,116.32,-16.1,0
Monsoon,Karwan Bazar (Dhaka),Dhaka,Onion,Indian Onion,Kg,120.0,Low,1,Rainy,No,No,Thursday,91.13,31.7,1
Winter,Chattogram,Chattogram,Rice,Miniket Rice,Kg,69.24,Medium,2,Sunny,No,No,Sunday,67.13,3.1,0
Monsoon,Rajshahi,Rajshahi,Lentil,Imported Lentil,Kg,139.0,Low,1,Sunny,No,Yes,Saturday,126.9,9.5,0
Summer,Karwan Bazar (Dhaka),Dhaka,Potato,Cold Storage Potato,Kg,24.87,Medium,2,Sunny,No,No,Friday,30.5,-18.5,0
Monsoon,Chattogram,Chattogram,Onion,Indian Onion,Kg,100.88,Low,1,Sunny,No,No,Saturday,91.13,10.7,0
Summer,Rajshahi,Rajshahi,Lentil,Local Lentil,Kg,107.38,Medium,2,Sunny,No,No,Wednesday,118.59,-9.5,0
Summer,Rajshahi,Rajshahi,Lentil,Imported Lentil,Kg,135.23,Low,1,Flood,Yes,No,Thursday,120.06,12.6,0
Summer,Barishal,Barishal,Rice,Najirshail Rice,Kg,70.97,Medium,2,Sunny,Yes,Yes,Tuesday,65.16,8.9,0
Monsoon,Chattogram,Chattogram,Rice,Miniket Rice,Kg,80.0,Medium,2,Flood,Yes,No,Thursday,70.66,13.2,0
Monsoon,Barishal,Barishal,Lentil,Local Lentil,Kg,126.51,Medium,2,Rainy,No,No,Saturday,126.51,0.0,0
Winter,Khulna,Khulna,Garlic,Chinese Garlic,Kg,150.57,Medium,2,Sunny,Yes,No,Tuesday,152.03,-1.0,0
Monsoon,Barishal,Barishal,Onion,Local Onion,Kg,80.21,Medium,2,Rainy,No,No,Wednesday,88.05,-8.9,0
Winter,Chattogram,Chattogram,Edible Oil,Soybean Oil,L,149.52,Medium,2,Sunny,No,No,Sunday,168.34,-11.2,0
Summer,Rajshahi,Rajshahi,Edible Oil,Palm Oil,L,163.67,Medium,2,Rainy,Yes,No,Sunday,162.73,0.6,0
Monsoon,Rajshahi,Rajshahi,Rice,BR-28 Rice,Kg,80.0,Low,1,Sunny,No,No,Thursday,71.77,11.5,0
Monsoon,Barishal,Barishal,Onion,Local Onion,Kg,93.11,High,3,Flood,No,No,Sunday,88.05,5.7,0
Monsoon,Khulna,Khulna,Rice,Miniket Rice,Kg,78.82,Medium,2,Rainy,No,No,Saturday,70.66,11.5,0
Monsoon,Karwan Bazar (Dhaka),Dhaka,Edible Oil,Soybean Oil,L,156.64,Medium,2,Rainy,Yes,No,Friday,178.49,-12.2,0
Summer,Rajshahi,Rajshahi,Onion,Indian Onion,Kg,98.93,Low,1,Sunny,Yes,No,Saturday,83.41,18.6,1
Winter,Karwan Bazar (Dhaka),Dhaka,Edible Oil,Palm Oil,L,188.49,Medium,2,Sunny,No,No,Thursday,167.63,12.4,0
Winter,Karwan Bazar (Dhaka),Dhaka,Onion,Local Onion,Kg,59.42,Medium,2,Sunny,Yes,No,Wednesday,82.04,-27.6,0
Monsoon,Chattogram,Chattogram,Rice,BR-28 Rice,Kg,72.16,Medium,2,Sunny,No,No,Tuesday,71.77,0.5,0
Monsoon,Rajshahi,Rajshahi,Lentil,Imported Lentil,Kg,128.87,High,3,Rainy,No,Yes,Sunday,126.9,1.6,0
Monsoon,Karwan Bazar (Dhaka),Dhaka,Potato,Local Potato,Kg,35.29,Medium,2,Sunny,No,No,Monday,33.39,5.7,0
Winter,Karwan Bazar (Dhaka),Dhaka,Potato,Local Potato,Kg,31.31,Medium,2,Sunny,No,No,Sunday,29.14,7.4,0
Summer,Chattogram,Chattogram,Edible Oil,Soybean Oil,L,139.22,Medium,2,Sunny,Yes,No,Friday,170.56,-18.4,0
Summer,Chattogram,Chattogram,Onion,Indian Onion,Kg,79.61,High,3,Sunny,No,Yes,Tuesday,83.41,-4.6,0
Monsoon,Chattogram,Chattogram,Rice,Najirshail Rice,Kg,62.84,High,3,Sunny,No,No,Sunday,68.15,-7.8,0
Summer,Chattogram,Chattogram,Garlic,Local Garlic,Kg,128.35,Medium,2,Sunny,Yes,No,Thursday,150.39,-14.7,0
Monsoon,Rajshahi,Rajshahi,Potato,Local Potato,Kg,33.57,Low,1,Rainy,No,No,Friday,33.39,0.5,0
Monsoon,Rajshahi,Rajshahi,Potato,Local Potato,Kg,37.28,Medium,2,Rainy,No,No,Thursday,33.39,11.7,0
Summer,Karwan Bazar (Dhaka),Dhaka,Onion,Local Onion,Kg,115.71,High,3,Rainy,No,No,Saturday,86.06,34.5,1
Monsoon,Karwan Bazar (Dhaka),Dhaka,Rice,BR-28 Rice,Kg,64.27,Low,1,Sunny,Yes,No,Sunday,71.77,-10.5,0
Winter,Chattogram,Chattogram,Garlic,Chinese Garlic,Kg,133.36,Medium,2,Sunny,Yes,No,Wednesday,152.03,-12.3,0
Monsoon,Sylhet,Sylhet,Lentil,Local Lentil,Kg,127.57,High,3,Rainy,Yes,No,Sunday,126.51,0.8,0
Winter,Rajshahi,Rajshahi,Onion,Local Onion,Kg,108.98,Medium,2,Flood,Yes,No,Wednesday,82.04,32.8,1
Monsoon,Barishal,Barishal,Onion,Indian Onion,Kg,80.24,High,3,Sunny,No,No,Saturday,91.13,-11.9,0
Monsoon,Karwan Bazar (Dhaka),Dhaka,Rice,Miniket Rice,Kg,68.77,Low,1,Flood,Yes,No,Wednesday,70.66,-2.7,0
Monsoon,Chattogram,Chattogram,Rice,BR-28 Rice,Kg,69.83,Medium,2,Rainy,No,No,Wednesday,71.77,-2.7,0
Summer,Karwan Bazar (Dhaka),Dhaka,Rice,Najirshail Rice,Kg,65.16,Medium,2,Sunny,Yes,Yes,Sunday,65.16,0.0,0
Monsoon,Karwan Bazar (Dhaka),Dhaka,Garlic,Local Garlic,Kg,146.53,Low,1,Rainy,Yes,No,Wednesday,158.92,-7.8,0
Monsoon,Sylhet,Sylhet,Edible Oil,Soybean Oil,L,142.08,Medium,2,Sunny,No,No,Sunday,178.49,-20.4,0
Summer,Karwan Bazar (Dhaka),Dhaka,Onion,Indian Onion,Kg,85.34,High,3,Sunny,No,No,Saturday,83.41,2.3,0
Monsoon,Khulna,Khulna,Rice,BR-28 Rice,Kg,69.03,Medium,2,Sunny,No,No,Monday,71.77,-3.8,0
Monsoon,Karwan Bazar (Dhaka),Dhaka,Potato,Local Potato,Kg,31.62,Medium,2,Rainy,Yes,No,Saturday,33.39,-5.3,0
Summer,Karwan Bazar (Dhaka),Dhaka,Edible Oil,Palm Oil,L,164.62,Medium,2,Sunny,No,No,Friday,162.73,1.2,0
Summer,Sylhet,Sylhet,Onion,Local Onion,Kg,70.82,Medium,2,Sunny,Yes,No,Wednesday,86.06,-17.7,0
Winter,Karwan Bazar (Dhaka),Dhaka,Potato,Local Potato,Kg,32.13,Medium,2,Rainy,No,No,Wednesday,29.14,10.2,0
Winter,Chattogram,Chattogram,Garlic,Local Garlic,Kg,171.84,Medium,2,Sunny,No,No,Friday,158.6,8.3,0
Summer,Karwan Bazar (Dhaka),Dhaka,Onion,Local Onion,Kg,97.43,Medium,2,Sunny,No,No,Monday,86.06,13.2,0
Winter,Khulna,Khulna,Garlic,Chinese Garlic,Kg,125.68,Medium,2,Sunny,Yes,No,Friday,152.03,-17.3,0
Summer,Karwan Bazar (Dhaka),Dhaka,Edible Oil,Palm Oil,L,154.99,Medium,2,Sunny,No,No,Friday,162.73,-4.8,0
Monsoon,Karwan Bazar (Dhaka),Dhaka,Rice,Miniket Rice,Kg,80.0,Medium,2,Flood,Yes,Yes,Thursday,70.66,13.2,0
Winter,Khulna,Khulna,Potato,Cold Storage Potato,Kg,30.96,High,3,Rainy,No,No,Thursday,31.4,-1.4,0
Monsoon,Chattogram,Chattogram,Lentil,Imported Lentil,Kg,125.17,Medium,2,Rainy,No,No,Monday,126.9,-1.4,0
Summer,Khulna,Khulna,Edible Oil,Soybean Oil,L,174.13,High,3,Sunny,No,Yes,Wednesday,170.56,2.1,0
Winter,Chattogram,Chattogram,Rice,Miniket Rice,Kg,64.69,High,3,Sunny,No,No,Monday,67.13,-3.6,0
Monsoon,Rajshahi,Rajshahi,Rice,Miniket Rice,Kg,61.0,High,3,Sunny,Yes,No,Friday,70.66,-13.7,0
Monsoon,Sylhet,Sylhet,Lentil,Imported Lentil,Kg,140.0,Medium,2,Flood,No,Yes,Wednesday,126.9,10.3,0
Winter,Rajshahi,Rajshahi,Rice,Najirshail Rice,Kg,66.46,Medium,2,Sunny,No,No,Wednesday,66.68,-0.3,0
Monsoon,Barishal,Barishal,Garlic,Local Garlic,Kg,144.98,High,3,Rainy,No,No,Wednesday,158.92,-8.8,0
Summer,Khulna,Khulna,Garlic,Chinese Garlic,Kg,189.43,Medium,2,Rainy,No,No,Saturday,151.19,25.3,1
Winter,Rajshahi,Rajshahi,Edible Oil,Palm Oil,L,154.49,Medium,2,Rainy,No,No,Monday,167.63,-7.8,0
Winter,Sylhet,Sylhet,Onion,Indian Onion,Kg,99.6,Low,1,Sunny,No,No,Tuesday,78.26,27.3,1
Summer,Sylhet,Sylhet,Edible Oil,Soybean Oil,L,187.5,Low,1,Sunny,No,Yes,Friday,170.56,9.9,0
Monsoon,Rajshahi,Rajshahi,Onion,Indian Onion,Kg,75.92,Medium,2,Sunny,No,No,Thursday,91.13,-16.7,0
Monsoon,Karwan Bazar (Dhaka),Dhaka,Potato,Cold Storage Potato,Kg,32.27,Low,1,Sunny,No,No,Monday,32.63,-1.1,0
Monsoon,Karwan Bazar (Dhaka),Dhaka,Rice,Najirshail Rice,Kg,61.34,Low,1,Rainy,Yes,No,Wednesday,68.15,-10.0,0
Summer,Karwan Bazar (Dhaka),Dhaka,Garlic,Local Garlic,Kg,183.63,Low,1,Rainy,Yes,No,Tuesday,150.39,22.1,1
Summer,Karwan Bazar (Dhaka),Dhaka,Rice,Najirshail Rice,Kg,55.38,Medium,2,Sunny,No,No,Sunday,65.16,-15.0,0
Summer,Sylhet,Sylhet,Potato,Cold Storage Potato,Kg,27.5,Medium,2,Sunny,No,No,Tuesday,30.5,-9.8,0
Winter,Chattogram,Chattogram,Lentil,Local Lentil,Kg,109.68,High,3,Sunny,Yes,Yes,Monday,116.32,-5.7,0
Summer,Barishal,Barishal,Potato,Cold Storage Potato,Kg,22.47,Medium,2,Sunny,Yes,No,Tuesday,30.5,-26.3,0
Monsoon,Karwan Bazar (Dhaka),Dhaka,Rice,Miniket Rice,Kg,50.95,High,3,Sunny,Yes,No,Tuesday,70.66,-27.9,0
Monsoon,Karwan Bazar (Dhaka),Dhaka,Potato,Local Potato,Kg,28.82,Medium,2,Rainy,No,No,Wednesday,33.39,-13.7,0
Winter,Karwan Bazar (Dhaka),Dhaka,Edible Oil,Palm Oil,L,157.63,Medium,2,Rainy,No,No,Friday,167.63,-6.0,0
Winter,Barishal,Barishal,Potato,Cold Storage Potato,Kg,32.15,High,3,Sunny,No,No,Tuesday,31.4,2.4,0
Summer,Karwan Bazar (Dhaka),Dhaka,Edible Oil,Palm Oil,L,153.96,Medium,2,Sunny,Yes,No,Monday,162.73,-5.4,0
Monsoon,Chattogram,Chattogram,Onion,Local Onion,Kg,75.26,High,3,Rainy,Yes,No,Monday,88.05,-14.5,0
Summer,Rajshahi,Rajshahi,Potato,Cold Storage Potato,Kg,40.0,Medium,2,Rainy,No,No,Saturday,30.5,31.1,1
Monsoon,Barishal,Barishal,Lentil,Imported Lentil,Kg,119.24,High,3,Sunny,No,No,Friday,126.9,-6.0,0
Summer,Sylhet,Sylhet,Potato,Cold Storage Potato,Kg,33.76,High,3,Flood,Yes,No,Friday,30.5,10.7,0
Summer,Karwan Bazar (Dhaka),Dhaka,Potato,Cold Storage Potato,Kg,29.68,Medium,2,Sunny,Yes,No,Wednesday,30.5,-2.7,0
Winter,Chattogram,Chattogram,Lentil,Imported Lentil,Kg,114.22,High,3,Rainy,Yes,No,Wednesday,119.0,-4.0,0
Summer,Karwan Bazar (Dhaka),Dhaka,Lentil,Local Lentil,Kg,114.12,Medium,2,Sunny,Yes,No,Saturday,118.59,-3.8,0
Summer,Karwan Bazar (Dhaka),Dhaka,Potato,Local Potato,Kg,29.77,High,3,Rainy,Yes,No,Thursday,30.93,-3.8,0
Summer,Khulna,Khulna,Onion,Local Onion,Kg,72.31,High,3,Sunny,Yes,Yes,Friday,86.06,-16.0,0
Summer,Khulna,Khulna,Potato,Local Potato,Kg,31.29,High,3,Rainy,Yes,Yes,Monday,30.93,1.2,0
Monsoon,Khulna,Khulna,Lentil,Local Lentil,Kg,102.52,Medium,2,Rainy,Yes,No,Wednesday,126.51,-19.0,0
Summer,Chattogram,Chattogram,Garlic,Chinese Garlic,Kg,136.09,Medium,2,Sunny,Yes,No,Tuesday,151.19,-10.0,0
Summer,Barishal,Barishal,Onion,Local Onion,Kg,91.93,Medium,2,Sunny,Yes,Yes,Saturday,86.06,6.8,0
Monsoon,Khulna,Khulna,Rice,Miniket Rice,Kg,67.9,Medium,2,Rainy,Yes,No,Saturday,70.66,-3.9,0
Summer,Chattogram,Chattogram,Onion,Local Onion,Kg,105.33,Medium,2,Sunny,No,Yes,Monday,86.06,22.4,1
Monsoon,Sylhet,Sylhet,Potato,Local Potato,Kg,34.02,Low,1,Rainy,No,Yes,Thursday,33.39,1.9,0
Summer,Karwan Bazar (Dhaka),Dhaka,Edible Oil,Soybean Oil,L,200.0,Low,1,Rainy,Yes,No,Thursday,170.56,17.3,1
Summer,Sylhet,Sylhet,Potato,Local Potato,Kg,40.0,Medium,2,Rainy,No,No,Friday,30.93,29.3,1
Winter,Barishal,Barishal,Rice,Miniket Rice,Kg,68.41,Low,1,Sunny,Yes,No,Monday,67.13,1.9,0
Monsoon,Rajshahi,Rajshahi,Edible Oil,Palm Oil,L,174.4,Medium,2,Sunny,No,No,Saturday,176.57,-1.2,0
Winter,Rajshahi,Rajshahi,Rice,BR-28 Rice,Kg,72.05,Medium,2,Sunny,Yes,Yes,Friday,65.24,10.4,0
Monsoon,Rajshahi,Rajshahi,Lentil,Imported Lentil,Kg,140.0,Medium,2,Rainy,No,Yes,Saturday,126.9,10.3,0
Monsoon,Chattogram,Chattogram,Onion,Local Onion,Kg,86.02,Medium,2,Sunny,No,No,Tuesday,88.05,-2.3,0
Summer,Khulna,Khulna,Rice,Miniket Rice,Kg,77.33,Medium,2,Rainy,No,No,Friday,65.97,17.2,1
Monsoon,Karwan Bazar (Dhaka),Dhaka,Rice,Miniket Rice,Kg,72.73,Medium,2,Sunny,No,No,Friday,70.66,2.9,0
Winter,Chattogram,Chattogram,Potato,Cold Storage Potato,Kg,38.67,High,3,Rainy,No,No,Tuesday,31.4,23.2,1
Monsoon,Khulna,Khulna,Potato,Local Potato,Kg,35.32,High,3,Flood,No,No,Tuesday,33.39,5.8,0
Winter,Rajshahi,Rajshahi,Potato,Local Potato,Kg,27.34,High,3,Rainy,Yes,No,Thursday,29.14,-6.2,0
Monsoon,Barishal,Barishal,Potato,Local Potato,Kg,34.54,Medium,2,Rainy,No,Yes,Wednesday,33.39,3.4,0
Monsoon,Sylhet,Sylhet,Rice,Miniket Rice,Kg,72.31,Medium,2,Sunny,No,No,Wednesday,70.66,2.3,0
Winter,Barishal,Barishal,Edible Oil,Soybean Oil,L,180.92,Medium,2,Sunny,No,No,Tuesday,168.34,7.5,0
Winter,Karwan Bazar (Dhaka),Dhaka,Rice,Miniket Rice,Kg,68.64,Medium,2,Rainy,No,No,Thursday,67.13,2.2,0
Summer,Rajshahi,Rajshahi,Onion,Indian Onion,Kg,79.82,Medium,2,Rainy,Yes,No,Thursday,83.41,-4.3,0
Monsoon,Karwan Bazar (Dhaka),Dhaka,Onion,Local Onion,Kg,98.7,Medium,2,Rainy,Yes,No,Saturday,88.05,12.1,0
Monsoon,Karwan Bazar (Dhaka),Dhaka,Lentil,Local Lentil,Kg,128.68,Medium,2,Rainy,No,No,Tuesday,126.51,1.7,0
Summer,Karwan Bazar (Dhaka),Dhaka,Onion,Indian Onion,Kg,84.29,Medium,2,Sunny,No,No,Friday,83.41,1.1,0
Summer,Chattogram,Chattogram,Rice,BR-28 Rice,Kg,63.36,Medium,2,Sunny,No,No,Sunday,65.77,-3.7,0
Winter,Karwan Bazar (Dhaka),Dhaka,Onion,Indian Onion,Kg,84.81,High,3,Rainy,Yes,Yes,Monday,78.26,8.4,0
Monsoon,Karwan Bazar (Dhaka),Dhaka,Garlic,Local Garlic,Kg,151.34,Medium,2,Rainy,No,No,Wednesday,158.92,-4.8,0
Winter,Karwan Bazar (Dhaka),Dhaka,Rice,BR-28 Rice,Kg,61.37,Low,1,Sunny,Yes,No,Friday,65.24,-5.9,0
Summer,Chattogram,Chattogram,Potato,Local Potato,Kg,31.07,Medium,2,Rainy,No,Yes,Tuesday,30.93,0.5,0
Summer,Khulna,Khulna,Potato,Local Potato,Kg,31.51,High,3,Rainy,No,Yes,Thursday,30.93,1.9,0
Monsoon,Rajshahi,Rajshahi,Rice,BR-28 Rice,Kg,74.81,Medium,2,Sunny,No,No,Thursday,71.77,4.2,0
Monsoon,Karwan Bazar (Dhaka),Dhaka,Rice,Miniket Rice,Kg,71.59,Medium,2,Rainy,No,No,Tuesday,70.66,1.3,0
Winter,Chattogram,Chattogram,Onion,Indian Onion,Kg,96.91,Medium,2,Sunny,No,No,Wednesday,78.26,23.8,1
Summer,Khulna,Khulna,Rice,Najirshail Rice,Kg,50.0,High,3,Sunny,Yes,No,Saturday,65.16,-23.3,0
Monsoon,Rajshahi,Rajshahi,Lentil,Imported Lentil,Kg,140.0,Low,1,Flood,Yes,No,Sunday,126.9,10.3,0
Summer,Karwan Bazar (Dhaka),Dhaka,Lentil,Local Lentil,Kg,125.45,Medium,2,Sunny,No,Yes,Sunday,118.59,5.8,0
Summer,Chattogram,Chattogram,Garlic,Chinese Garlic,Kg,112.67,High,3,Rainy,Yes,No,Friday,151.19,-25.5,0
Monsoon,Sylhet,Sylhet,Onion,Local Onion,Kg,88.57,Medium,2,Rainy,No,No,Friday,88.05,0.6,0
Summer,Khulna,Khulna,Onion,Indian Onion,Kg,78.9,Medium,2,Sunny,No,No,Monday,83.41,-5.4,0
Winter,Karwan Bazar (Dhaka),Dhaka,Rice,BR-28 Rice,Kg,80.0,Low,1,Rainy,No,No,Sunday,65.24,22.6,1
Summer,Khulna,Khulna,Edible Oil,Soybean Oil,L,171.66,High,3,Sunny,No,No,Tuesday,170.56,0.6,0
Monsoon,Karwan Bazar (Dhaka),Dhaka,Garlic,Chinese Garlic,Kg,170.63,Low,1,Flood,No,Yes,Thursday,166.29,2.6,0
Winter,Rajshahi,Rajshahi,Lentil,Local Lentil,Kg,118.21,Medium,2,Sunny,No,No,Tuesday,116.32,1.6,0
Monsoon,Chattogram,Chattogram,Rice,BR-28 Rice,Kg,52.33,High,3,Sunny,Yes,No,Sunday,71.77,-27.1,0
Summer,Barishal,Barishal,Edible Oil,Soybean Oil,L,167.75,Low,1,Sunny,No,No,Monday,170.56,-1.6,0
Summer,Khulna,Khulna,Garlic,Chinese Garlic,Kg,177.56,High,3,Rainy,No,Yes,Saturday,151.19,17.4,1
Winter,Sylhet,Sylhet,Edible Oil,Soybean Oil,L,200.0,Low,1,Rainy,No,No,Monday,168.34,18.8,1
Monsoon,Barishal,Barishal,Potato,Local Potato,Kg,39.6,Medium,2,Rainy,Yes,No,Thursday,33.39,18.6,1
Monsoon,Rajshahi,Rajshahi,Lentil,Local Lentil,Kg,140.0,Medium,2,Rainy,No,No,Wednesday,126.51,10.7,0
Monsoon,Barishal,Barishal,Garlic,Chinese Garlic,Kg,166.71,Low,1,Rainy,No,No,Sunday,166.29,0.3,0
Monsoon,Karwan Bazar (Dhaka),Dhaka,Rice,BR-28 Rice,Kg,80.0,Medium,2,Flood,No,No,Monday,71.77,11.5,0
Monsoon,Khulna,Khulna,Lentil,Local Lentil,Kg,129.94,Medium,2,Rainy,No,No,Tuesday,126.51,2.7,0
Winter,Barishal,Barishal,Onion,Indian Onion,Kg,84.43,High,3,Sunny,No,No,Wednesday,78.26,7.9,0
Summer,Barishal,Barishal,Rice,Miniket Rice,Kg,63.63,Medium,2,Sunny,Yes,No,Wednesday,65.97,-3.5,0
Monsoon,Rajshahi,Rajshahi,Garlic,Local Garlic,Kg,200.0,Low,1,Sunny,No,Yes,Friday,158.92,25.8,1
Monsoon,Rajshahi,Rajshahi,Lentil,Imported Lentil,Kg,140.0,Low,1,Sunny,Yes,Yes,Saturday,126.9,10.3,0
Summer,Karwan Bazar (Dhaka),Dhaka,Lentil,Local Lentil,Kg,117.37,High,3,Sunny,No,No,Monday,118.59,-1.0,0
Monsoon,Rajshahi,Rajshahi,Lentil,Imported Lentil,Kg,125.45,Medium,2,Rainy,No,Yes,Wednesday,126.9,-1.1,0
Summer,Sylhet,Sylhet,Rice,Miniket Rice,Kg,65.97,Medium,2,Sunny,No,No,Thursday,65.97,0.0,0
Summer,Karwan Bazar (Dhaka),Dhaka,Lentil,Imported Lentil,Kg,104.9,High,3,Sunny,Yes,No,Sunday,120.06,-12.6,0
Winter,Sylhet,Sylhet,Lentil,Local Lentil,Kg,113.15,High,3,Sunny,No,No,Sunday,116.32,-2.7,0
Monsoon,Karwan Bazar (Dhaka),Dhaka,Potato,Cold Storage Potato,Kg,35.29,Medium,2,Rainy,No,No,Sunday,32.63,8.2,0
Monsoon,Sylhet,Sylhet,Lentil,Imported Lentil,Kg,123.64,Low,1,Rainy,No,No,Thursday,126.9,-2.6,0
Monsoon,Karwan Bazar (Dhaka),Dhaka,Lentil,Local Lentil,Kg,129.86,Medium,2,Rainy,No,No,Friday,126.51,2.6,0
Summer,Khulna,Khulna,Onion,Local Onion,Kg,62.24,High,3,Sunny,No,No,Wednesday,86.06,-27.7,0
Summer,Rajshahi,Rajshahi,Potato,Cold Storage Potato,Kg,25.7,Medium,2,Sunny,Yes,No,Sunday,30.5,-15.7,0
Winter,Karwan Bazar (Dhaka),Dhaka,Garlic,Chinese Garlic,Kg,142.67,Low,1,Sunny,No,No,Tuesday,152.03,-6.2,0
Winter,Chattogram,Chattogram,Edible Oil,Palm Oil,L,152.5,High,3,Rainy,No,Yes,Thursday,167.63,-9.0,0
Summer,Rajshahi,Rajshahi,Edible Oil,Palm Oil,L,162.73,Low,1,Sunny,Yes,No,Tuesday,162.73,0.0,0
Winter,Barishal,Barishal,Garlic,Chinese Garlic,Kg,186.77,High,3,Rainy,No,No,Monday,152.03,22.9,1
Summer,Barishal,Barishal,Lentil,Local Lentil,Kg,98.51,Medium,2,Rainy,Yes,No,Tuesday,118.59,-16.9,0
Winter,Rajshahi,Rajshahi,Rice,BR-28 Rice,Kg,64.7,Medium,2,Rainy,Yes,No,Saturday,65.24,-0.8,0
Monsoon,Khulna,Khulna,Potato,Local Potato,Kg,34.57,Medium,2,Flood,No,Yes,Monday,33.39,3.5,0
Winter,Chattogram,Chattogram,Edible Oil,Soybean Oil,L,170.13,High,3,Sunny,No,No,Sunday,168.34,1.1,0
Summer,Chattogram,Chattogram,Rice,Najirshail Rice,Kg,71.11,Medium,2,Sunny,No,No,Friday,65.16,9.1,0
Winter,Sylhet,Sylhet,Onion,Indian Onion,Kg,91.35,Low,1,Rainy,Yes,No,Tuesday,78.26,16.7,1
Winter,Khulna,Khulna,Lentil,Imported Lentil,Kg,119.0,Medium,2,Sunny,No,No,Saturday,119.0,0.0,0
Monsoon,Karwan Bazar (Dhaka),Dhaka,Onion,Local Onion,Kg,99.76,Medium,2,Rainy,No,No,Friday,88.05,13.3,0
Summer,Chattogram,Chattogram,Garlic,Chinese Garlic,Kg,142.53,Medium,2,Sunny,Yes,Yes,Thursday,151.19,-5.7,0
Monsoon,Khulna,Khulna,Rice,BR-28 Rice,Kg,69.36,Medium,2,Rainy,No,No,Saturday,71.77,-3.4,0
Summer,Khulna,Khulna,Lentil,Local Lentil,Kg,118.17,High,3,Rainy,Yes,Yes,Saturday,118.59,-0.4,0
Summer,Karwan Bazar (Dhaka),Dhaka,Potato,Local Potato,Kg,31.86,Medium,2,Rainy,Yes,No,Thursday,30.93,3.0,0
Winter,Sylhet,Sylhet,Garlic,Local Garlic,Kg,170.69,Low,1,Rainy,Yes,No,Saturday,158.6,7.6,0
Monsoon,Karwan Bazar (Dhaka),Dhaka,Rice,Najirshail Rice,Kg,76.16,Low,1,Sunny,No,No,Monday,68.15,11.8,0
Summer,Karwan Bazar (Dhaka),Dhaka,Rice,BR-28 Rice,Kg,63.66,Medium,2,Rainy,No,No,Sunday,65.77,-3.2,0
Summer,Sylhet,Sylhet,Potato,Local Potato,Kg,27.8,Medium,2,Rainy,Yes,No,Sunday,30.93,-10.1,0
Winter,Sylhet,Sylhet,Lentil,Local Lentil,Kg,130.29,Medium,2,Sunny,No,No,Tuesday,116.32,12.0,0
Monsoon,Khulna,Khulna,Onion,Indian Onion,Kg,96.51,Medium,2,Sunny,No,Yes,Sunday,91.13,5.9,0
Monsoon,Chattogram,Chattogram,Rice,Miniket Rice,Kg,70.43,Medium,2,Flood,No,No,Sunday,70.66,-0.3,0
Summer,Karwan Bazar (Dhaka),Dhaka,Onion,Indian Onion,Kg,90.87,Medium,2,Sunny,Yes,Yes,Thursday,83.41,8.9,0
Summer,Khulna,Khulna,Potato,Cold Storage Potato,Kg,27.68,High,3,Sunny,Yes,No,Friday,30.5,-9.2,0
Monsoon,Barishal,Barishal,Lentil,Local Lentil,Kg,140.0,Low,1,Flood,Yes,No,Saturday,126.51,10.7,0
Summer,Barishal,Barishal,Rice,Najirshail Rice,Kg,69.48,Medium,2,Sunny,No,No,Saturday,65.16,6.6,0
Monsoon,Chattogram,Chattogram,Potato,Local Potato,Kg,30.86,Low,1,Rainy,No,No,Monday,33.39,-7.6,0
Winter,Karwan Bazar (Dhaka),Dhaka,Rice,BR-28 Rice,Kg,76.86,Low,1,Sunny,Yes,Yes,Saturday,65.24,17.8,1
Summer,Khulna,Khulna,Garlic,Chinese Garlic,Kg,138.92,High,3,Rainy,Yes,No,Sunday,151.19,-8.1,0
Monsoon,Khulna,Khulna,Rice,Najirshail Rice,Kg,74.57,Low,1,Rainy,No,No,Monday,68.15,9.4,0
Summer,Rajshahi,Rajshahi,Onion,Indian Onion,Kg,78.3,Low,1,Sunny,No,No,Monday,83.41,-6.1,0
Monsoon,Chattogram,Chattogram,Onion,Indian Onion,Kg,100.71,Medium,2,Rainy,No,Yes,Thursday,91.13,10.5,0
Monsoon,Khulna,Khulna,Lentil,Imported Lentil,Kg,127.23,Medium,2,Sunny,No,No,Wednesday,126.9,0.3,0
Summer,Karwan Bazar (Dhaka),Dhaka,Onion,Indian Onion,Kg,86.28,Low,1,Rainy,Yes,Yes,Friday,83.41,3.4,0
Monsoon,Barishal,Barishal,Garlic,Local Garlic,Kg,160.39,High,3,Rainy,No,No,Tuesday,158.92,0.9,0
Summer,Chattogram,Chattogram,Lentil,Imported Lentil,Kg,112.15,Medium,2,Sunny,No,No,Wednesday,120.06,-6.6,0
Summer,Chattogram,Chattogram,Rice,Najirshail Rice,Kg,63.53,High,3,Sunny,Yes,No,Tuesday,65.16,-2.5,0
Monsoon,Sylhet,Sylhet,Garlic,Chinese Garlic,Kg,149.9,Medium,2,Rainy,Yes,No,Monday,166.29,-9.9,0
Monsoon,Barishal,Barishal,Garlic,Chinese Garlic,Kg,191.09,Medium,2,Rainy,No,No,Sunday,166.29,14.9,0
Summer,Rajshahi,Rajshahi,Onion,Local Onion,Kg,73.03,Low,1,Sunny,No,No,Sunday,86.06,-15.1,0
Winter,Chattogram,Chattogram,Garlic,Local Garlic,Kg,167.17,High,3,Sunny,No,No,Monday,158.6,5.4,0
Winter,Karwan Bazar (Dhaka),Dhaka,Rice,Najirshail Rice,Kg,75.46,Medium,2,Rainy,No,No,Friday,66.68,13.2,0
Monsoon,Barishal,Barishal,Onion,Indian Onion,Kg,105.34,Low,1,Rainy,No,No,Tuesday,91.13,15.6,1
Summer,Rajshahi,Rajshahi,Onion,Indian Onion,Kg,93.28,Low,1,Sunny,Yes,Yes,Thursday,83.41,11.8,0
Summer,Rajshahi,Rajshahi,Lentil,Imported Lentil,Kg,112.84,Medium,2,Sunny,Yes,No,Sunday,120.06,-6.0,0
Monsoon,Barishal,Barishal,Rice,BR-28 Rice,Kg,61.65,Medium,2,Rainy,Yes,No,Tuesday,71.77,-14.1,0
Summer,Sylhet,Sylhet,Edible Oil,Palm Oil,L,171.7,Medium,2,Sunny,No,No,Tuesday,162.73,5.5,0
Summer,Khulna,Khulna,Lentil,Local Lentil,Kg,114.61,Medium,2,Rainy,Yes,Yes,Sunday,118.59,-3.4,0
Monsoon,Karwan Bazar (Dhaka),Dhaka,Edible Oil,Soybean Oil,L,130.4,Medium,2,Sunny,Yes,No,Tuesday,178.49,-26.9,0
Winter,Chattogram,Chattogram,Edible Oil,Soybean Oil,L,170.47,Low,1,Sunny,No,No,Saturday,168.34,1.3,0
Summer,Chattogram,Chattogram,Potato,Local Potato,Kg,31.59,Medium,2,Sunny,Yes,No,Friday,30.93,2.1,0
Winter,Chattogram,Chattogram,Edible Oil,Soybean Oil,L,190.04,Low,1,Sunny,No,No,Thursday,168.34,12.9,0
Winter,Karwan Bazar (Dhaka),Dhaka,Garlic,Chinese Garlic,Kg,156.2,Low,1,Sunny,Yes,No,Wednesday,152.03,2.7,0
Summer,Rajshahi,Rajshahi,Onion,Local Onion,Kg,76.73,Medium,2,Sunny,Yes,Yes,Sunday,86.06,-10.8,0
Summer,Khulna,Khulna,Potato,Local Potato,Kg,40.0,Low,1,Rainy,No,No,Thursday,30.93,29.3,1
Monsoon,Karwan Bazar (Dhaka),Dhaka,Lentil,Local Lentil,Kg,115.58,Medium,2,Rainy,No,No,Tuesday,126.51,-8.6,0
Summer,Khulna,Khulna,Garlic,Chinese Garlic,Kg,170.73,Medium,2,Rainy,Yes,Yes,Friday,151.19,12.9,0
Summer,Khulna,Khulna,Garlic,Local Garlic,Kg,159.61,Medium,2,Sunny,Yes,Yes,Tuesday,150.39,6.1,0
Summer,Chattogram,Chattogram,Lentil,Imported Lentil,Kg,117.31,Medium,2,Sunny,No,No,Sunday,120.06,-2.3,0
Winter,Karwan Bazar (Dhaka),Dhaka,Edible Oil,Soybean Oil,L,166.27,High,3,Sunny,No,No,Friday,168.34,-1.2,0
Monsoon,Karwan Bazar (Dhaka),Dhaka,Garlic,Chinese Garlic,Kg,198.21,Medium,2,Flood,No,No,Sunday,166.29,19.2,1
Summer,Khulna,Khulna,Edible Oil,Soybean Oil,L,198.99,Low,1,Sunny,No,No,Wednesday,170.56,16.7,1
Winter,Chattogram,Chattogram,Potato,Local Potato,Kg,25.96,Medium,2,Sunny,No,No,Saturday,29.14,-10.9,0
Winter,Karwan Bazar (Dhaka),Dhaka,Rice,Miniket Rice,Kg,60.86,Medium,2,Rainy,Yes,No,Friday,67.13,-9.3,0
Summer,Khulna,Khulna,Rice,BR-28 Rice,Kg,69.41,Low,1,Sunny,Yes,Yes,Tuesday,65.77,5.5,0
Winter,Chattogram,Chattogram,Garlic,Local Garlic,Kg,147.46,Medium,2,Sunny,Yes,No,Sunday,158.6,-7.0,0
Monsoon,Karwan Bazar (Dhaka),Dhaka,Lentil,Imported Lentil,Kg,113.89,Low,1,Rainy,Yes,No,Friday,126.9,-10.3,0
Monsoon,Rajshahi,Rajshahi,Rice,BR-28 Rice,Kg,74.55,Low,1,Sunny,Yes,No,Thursday,71.77,3.9,0
Monsoon,Karwan Bazar (Dhaka),Dhaka,Onion,Local Onion,Kg,95.91,High,3,Sunny,No,Yes,Monday,88.05,8.9,0
Monsoon,Barishal,Barishal,Edible Oil,Soybean Oil,L,156.05,High,3,Sunny,No,No,Wednesday,178.49,-12.6,0
Monsoon,Rajshahi,Rajshahi,Edible Oil,Soybean Oil,L,198.85,Low,1,Rainy,No,Yes,Thursday,178.49,11.4,0
Summer,Karwan Bazar (Dhaka),Dhaka,Rice,Najirshail Rice,Kg,64.25,Medium,2,Sunny,Yes,No,Saturday,65.16,-1.4,0
Monsoon,Karwan Bazar (Dhaka),Dhaka,Garlic,Chinese Garlic,Kg,137.43,Medium,2,Sunny,No,No,Friday,166.29,-17.4,0
Winter,Khulna,Khulna,Garlic,Chinese Garlic,Kg,153.51,Medium,2,Sunny,No,No,Friday,152.03,1.0,0
Monsoon,Karwan Bazar (Dhaka),Dhaka,Rice,BR-28 Rice,Kg,80.0,Low,1,Flood,No,No,Thursday,71.77,11.5,0
Summer,Karwan Bazar (Dhaka),Dhaka,Rice,Najirshail Rice,Kg,58.22,Medium,2,Sunny,Yes,No,Friday,65.16,-10.7,0
Monsoon,Rajshahi,Rajshahi,Edible Oil,Soybean Oil,L,200.0,Low,1,Rainy,No,No,Monday,178.49,12.1,0
Winter,Karwan Bazar (Dhaka),Dhaka,Garlic,Chinese Garlic,Kg,129.13,Medium,2,Sunny,Yes,No,Saturday,152.03,-15.1,0
Summer,Barishal,Barishal,Onion,Local Onion,Kg,73.43,High,3,Sunny,No,No,Tuesday,86.06,-14.7,0
Monsoon,Khulna,Khulna,Rice,BR-28 Rice,Kg,75.89,Medium,2,Rainy,No,Yes,Friday,71.77,5.7,0
Summer,Rajshahi,Rajshahi,Edible Oil,Palm Oil,L,164.72,Low,1,Sunny,No,No,Wednesday,162.73,1.2,0
Winter,Barishal,Barishal,Onion,Indian Onion,Kg,76.29,Medium,2,Rainy,Yes,No,Friday,78.26,-2.5,0
Monsoon,Rajshahi,Rajshahi,Lentil,Local Lentil,Kg,107.37,Medium,2,Rainy,Yes,No,Sunday,126.51,-15.1,0
Summer,Barishal,Barishal,Rice,BR-28 Rice,Kg,62.72,Medium,2,Sunny,Yes,No,Monday,65.77,-4.6,0
Monsoon,Chattogram,Chattogram,Lentil,Local Lentil,Kg,140.0,Low,1,Rainy,No,Yes,Sunday,126.51,10.7,0
Summer,Karwan Bazar (Dhaka),Dhaka,Garlic,Local Garlic,Kg,183.9,Low,1,Sunny,No,Yes,Monday,150.39,22.3,1
Summer,Chattogram,Chattogram,Garlic,Chinese Garlic,Kg,132.11,Medium,2,Sunny,Yes,Yes,Wednesday,151.19,-12.6,0
Winter,Sylhet,Sylhet,Edible Oil,Palm Oil,L,135.83,High,3,Rainy,Yes,No,Sunday,167.63,-19.0,0
Summer,Karwan Bazar (Dhaka),Dhaka,Onion,Local Onion,Kg,88.78,High,3,Sunny,Yes,No,Saturday,86.06,3.2,0
Monsoon,Karwan Bazar (Dhaka),Dhaka,Potato,Cold Storage Potato,Kg,28.25,High,3,Rainy,No,No,Thursday,32.63,-13.4,0
Monsoon,Chattogram,Chattogram,Edible Oil,Soybean Oil,L,192.86,High,3,Rainy,No,Yes,Thursday,178.49,8.1,0
Winter,Rajshahi,Rajshahi,Rice,BR-28 Rice,Kg,61.37,High,3,Sunny,Yes,Yes,Friday,65.24,-5.9,0
Summer,Chattogram,Chattogram,Lentil,Imported Lentil,Kg,140.0,Low,1,Flood,Yes,No,Saturday,120.06,16.6,1
Winter,Chattogram,Chattogram,Potato,Local Potato,Kg,29.07,Medium,2,Sunny,Yes,No,Saturday,29.14,-0.3,0
Summer,Karwan Bazar (Dhaka),Dhaka,Rice,Miniket Rice,Kg,62.6,High,3,Sunny,No,No,Saturday,65.97,-5.1,0
Monsoon,Karwan Bazar (Dhaka),Dhaka,Garlic,Chinese Garlic,Kg,192.31,Medium,2,Rainy,No,Yes,Sunday,166.29,15.6,1
Summer,Karwan Bazar (Dhaka),Dhaka,Potato,Cold Storage Potato,Kg,24.25,Medium,2,Rainy,Yes,No,Saturday,30.5,-20.5,0
Summer,Rajshahi,Rajshahi,Onion,Local Onion,Kg,87.42,Low,1,Sunny,No,No,Saturday,86.06,1.6,0
Winter,Barishal,Barishal,Garlic,Local Garlic,Kg,129.9,Medium,2,Sunny,Yes,No,Friday,158.6,-18.1,0
Summer,Chattogram,Chattogram,Lentil,Local Lentil,Kg,102.97,High,3,Sunny,No,No,Thursday,118.59,-13.2,0
Monsoon,Karwan Bazar (Dhaka),Dhaka,Rice,Najirshail Rice,Kg,66.57,Low,1,Sunny,No,Yes,Friday,68.15,-2.3,0
Summer,Khulna,Khulna,Lentil,Imported Lentil,Kg,126.29,Low,1,Sunny,No,No,Friday,120.06,5.2,0
Summer,Rajshahi,Rajshahi,Potato,Local Potato,Kg,29.54,Medium,2,Sunny,Yes,No,Wednesday,30.93,-4.5,0
Summer,Rajshahi,Rajshahi,Edible Oil,Soybean Oil,L,165.34,Medium,2,Sunny,No,Yes,Saturday,170.56,-3.1,0
Summer,Rajshahi,Rajshahi,Potato,Local Potato,Kg,27.17,High,3,Sunny,Yes,No,Wednesday,30.93,-12.2,0
Summer,Khulna,Khulna,Rice,Miniket Rice,Kg,68.43,Medium,2,Rainy,Yes,No,Thursday,65.97,3.7,0
Summer,Sylhet,Sylhet,Lentil,Local Lentil,Kg,110.8,Medium,2,Sunny,Yes,No,Saturday,118.59,-6.6,0
Monsoon,Sylhet,Sylhet,Lentil,Local Lentil,Kg,124.79,Low,1,Rainy,Yes,No,Wednesday,126.51,-1.4,0
Summer,Chattogram,Chattogram,Garlic,Chinese Garlic,Kg,200.0,Low,1,Rainy,No,No,Thursday,151.19,32.3,1
Summer,Rajshahi,Rajshahi,Rice,Miniket Rice,Kg,70.04,High,3,Rainy,Yes,Yes,Friday,65.97,6.2,0
Winter,Khulna,Khulna,Garlic,Local Garlic,Kg,142.55,Low,1,Sunny,No,No,Friday,158.6,-10.1,0
Monsoon,Khulna,Khulna,Edible Oil,Palm Oil,L,174.4,High,3,Rainy,No,Yes,Saturday,176.57,-1.2,0
Monsoon,Barishal,Barishal,Edible Oil,Palm Oil,L,158.4,High,3,Sunny,No,No,Monday,176.57,-10.3,0
Summer,Karwan Bazar (Dhaka),Dhaka,Rice,BR-28 Rice,Kg,79.45,Low,1,Sunny,No,No,Thursday,65.77,20.8,1
Monsoon,Karwan Bazar (Dhaka),Dhaka,Lentil,Imported Lentil,Kg,125.46,Low,1,Rainy,No,No,Friday,126.9,-1.1,0
Monsoon,Barishal,Barishal,Lentil,Imported Lentil,Kg,135.54,Medium,2,Rainy,No,Yes,Wednesday,126.9,6.8,0
Monsoon,Sylhet,Sylhet,Rice,Najirshail Rice,Kg,73.03,Low,1,Sunny,No,Yes,Thursday,68.15,7.2,0
Monsoon,Khulna,Khulna,Rice,Najirshail Rice,Kg,80.0,Low,1,Flood,No,Yes,Monday,68.15,17.4,1
Monsoon,Karwan Bazar (Dhaka),Dhaka,Lentil,Local Lentil,Kg,140.0,Low,1,Rainy,No,No,Saturday,126.51,10.7,0
Winter,Khulna,Khulna,Garlic,Chinese Garlic,Kg,139.48,Medium,2,Rainy,No,No,Wednesday,152.03,-8.3,0
Summer,Sylhet,Sylhet,Lentil,Imported Lentil,Kg,116.66,Medium,2,Sunny,Yes,No,Sunday,120.06,-2.8,0
Winter,Khulna,Khulna,Onion,Indian Onion,Kg,68.92,High,3,Rainy,Yes,Yes,Wednesday,78.26,-11.9,0
Summer,Chattogram,Chattogram,Onion,Indian Onion,Kg,109.32,Medium,2,Sunny,No,Yes,Saturday,83.41,31.1,1
Monsoon,Karwan Bazar (Dhaka),Dhaka,Edible Oil,Soybean Oil,L,185.31,Low,1,Rainy,No,No,Thursday,178.49,3.8,0
Summer,Karwan Bazar (Dhaka),Dhaka,Potato,Cold Storage Potato,Kg,33.15,High,3,Rainy,Yes,Yes,Saturday,30.5,8.7,0
Monsoon,Chattogram,Chattogram,Edible Oil,Palm Oil,L,200.0,Low,1,Flood,No,Yes,Friday,176.57,13.3,0
Winter,Rajshahi,Rajshahi,Potato,Cold Storage Potato,Kg,35.74,Medium,2,Rainy,No,No,Sunday,31.4,13.8,0
Summer,Khulna,Khulna,Potato,Cold Storage Potato,Kg,35.4,Low,1,Rainy,No,No,Monday,30.5,16.1,1
Summer,Sylhet,Sylhet,Garlic,Local Garlic,Kg,152.14,Medium,2,Sunny,Yes,Yes,Saturday,150.39,1.2,0
Monsoon,Chattogram,Chattogram,Lentil,Local Lentil,Kg,98.68,Medium,2,Sunny,Yes,No,Wednesday,126.51,-22.0,0
Summer,Barishal,Barishal,Potato,Cold Storage Potato,Kg,25.16,Medium,2,Sunny,Yes,No,Friday,30.5,-17.5,0
Monsoon,Karwan Bazar (Dhaka),Dhaka,Lentil,Local Lentil,Kg,111.69,High,3,Rainy,No,No,Wednesday,126.51,-11.7,0
Summer,Chattogram,Chattogram,Rice,Najirshail Rice,Kg,62.85,Medium,2,Rainy,Yes,No,Thursday,65.16,-3.5,0
Winter,Rajshahi,Rajshahi,Edible Oil,Soybean Oil,L,168.53,Medium,2,Sunny,No,No,Sunday,168.34,0.1,0
Summer,Rajshahi,Rajshahi,Rice,Najirshail Rice,Kg,66.85,High,3,Sunny,No,No,Sunday,65.16,2.6,0
Winter,Karwan Bazar (Dhaka),Dhaka,Edible Oil,Soybean Oil,L,162.5,Medium,2,Sunny,No,No,Saturday,168.34,-3.5,0
Summer,Khulna,Khulna,Edible Oil,Palm Oil,L,171.93,Low,1,Sunny,No,No,Tuesday,162.73,5.7,0
Monsoon,Khulna,Khulna,Rice,Miniket Rice,Kg,80.0,Medium,2,Flood,No,No,Friday,70.66,13.2,0
Winter,Rajshahi,Rajshahi,Garlic,Chinese Garlic,Kg,156.5,Medium,2,Rainy,No,No,Wednesday,152.03,2.9,0
Summer,Karwan Bazar (Dhaka),Dhaka,Rice,Miniket Rice,Kg,77.41,Low,1,Sunny,No,Yes,Tuesday,65.97,17.3,1
Monsoon,Karwan Bazar (Dhaka),Dhaka,Rice,Najirshail Rice,Kg,79.06,Medium,2,Rainy,No,No,Thursday,68.15,16.0,1
Monsoon,Chattogram,Chattogram,Lentil,Local Lentil,Kg,136.86,High,3,Rainy,No,Yes,Monday,126.51,8.2,0
Monsoon,Karwan Bazar (Dhaka),Dhaka,Potato,Local Potato,Kg,37.9,Medium,2,Rainy,No,No,Sunday,33.39,13.5,0
Summer,Karwan Bazar (Dhaka),Dhaka,Potato,Local Potato,Kg,31.02,High,3,Sunny,Yes,No,Sunday,30.93,0.3,0
Monsoon,Khulna,Khulna,Edible Oil,Soybean Oil,L,197.67,Low,1,Sunny,No,Yes,Saturday,178.49,10.7,0
Winter,Khulna,Khulna,Rice,Miniket Rice,Kg,62.44,Medium,2,Sunny,Yes,No,Saturday,67.13,-7.0,0
Winter,Rajshahi,Rajshahi,Onion,Local Onion,Kg,65.64,Medium,2,Rainy,Yes,No,Sunday,82.04,-20.0,0
Monsoon,Karwan Bazar (Dhaka),Dhaka,Lentil,Local Lentil,Kg,138.11,Medium,2,Rainy,No,No,Wednesday,126.51,9.2,0
Monsoon,Rajshahi,Rajshahi,Garlic,Chinese Garlic,Kg,164.21,Medium,2,Sunny,Yes,No,Friday,166.29,-1.3,0
Winter,Karwan Bazar (Dhaka),Dhaka,Rice,Miniket Rice,Kg,69.74,Medium,2,Sunny,No,No,Monday,67.13,3.9,0
Summer,Khulna,Khulna,Lentil,Local Lentil,Kg,125.26,Low,1,Rainy,Yes,No,Tuesday,118.59,5.6,0
Summer,Sylhet,Sylhet,Garlic,Local Garlic,Kg,154.83,High,3,Sunny,No,No,Monday,150.39,2.9,0
Monsoon,Rajshahi,Rajshahi,Potato,Cold Storage Potato,Kg,33.4,Low,1,Rainy,No,No,Tuesday,32.63,2.4,0
Winter,Sylhet,Sylhet,Lentil,Imported Lentil,Kg,118.26,Medium,2,Sunny,Yes,No,Saturday,119.0,-0.6,0
Summer,Sylhet,Sylhet,Lentil,Imported Lentil,Kg,118.95,Medium,2,Sunny,No,No,Monday,120.06,-0.9,0
Winter,Rajshahi,Rajshahi,Onion,Local Onion,Kg,67.46,High,3,Sunny,Yes,Yes,Saturday,82.04,-17.8,0
Winter,Karwan Bazar (Dhaka),Dhaka,Rice,Miniket Rice,Kg,61.49,Medium,2,Sunny,No,No,Saturday,67.13,-8.4,0
Monsoon,Chattogram,Chattogram,Potato,Local Potato,Kg,30.35,Medium,2,Rainy,Yes,No,Monday,33.39,-9.1,0
Summer,Rajshahi,Rajshahi,Lentil,Local Lentil,Kg,116.06,Medium,2,Sunny,Yes,No,Tuesday,118.59,-2.1,0
Monsoon,Karwan Bazar (Dhaka),Dhaka,Garlic,Local Garlic,Kg,188.96,High,3,Rainy,No,No,Friday,158.92,18.9,1
Monsoon,Rajshahi,Rajshahi,Potato,Local Potato,Kg,32.5,Low,1,Rainy,No,No,Tuesday,33.39,-2.7,0
Summer,Chattogram,Chattogram,Garlic,Chinese Garlic,Kg,154.69,Medium,2,Sunny,No,No,Tuesday,151.19,2.3,0
Summer,Karwan Bazar (Dhaka),Dhaka,Lentil,Local Lentil,Kg,119.78,Low,1,Sunny,Yes,No,Sunday,118.59,1.0,0
Winter,Karwan Bazar (Dhaka),Dhaka,Lentil,Local Lentil,Kg,99.38,High,3,Sunny,Yes,No,Saturday,116.32,-14.6,0
Monsoon,Karwan Bazar (Dhaka),Dhaka,Potato,Cold Storage Potato,Kg,25.27,Medium,2,Rainy,Yes,No,Tuesday,32.63,-22.6,0
Summer,Karwan Bazar (Dhaka),Dhaka,Garlic,Local Garlic,Kg,139.23,Medium,2,Sunny,No,No,Thursday,150.39,-7.4,0
Monsoon,Chattogram,Chattogram,Edible Oil,Soybean Oil,L,163.36,Medium,2,Flood,Yes,No,Friday,178.49,-8.5,0
Monsoon,Rajshahi,Rajshahi,Rice,Najirshail Rice,Kg,72.34,Medium,2,Rainy,Yes,No,Friday,68.15,6.1,0
Monsoon,Chattogram,Chattogram,Rice,Najirshail Rice,Kg,71.22,High,3,Sunny,No,No,Tuesday,68.15,4.5,0
Winter,Chattogram,Chattogram,Lentil,Imported Lentil,Kg,134.34,Medium,2,Flood,No,No,Saturday,119.0,12.9,0
Monsoon,Chattogram,Chattogram,Garlic,Chinese Garlic,Kg,166.38,Medium,2,Sunny,No,Yes,Tuesday,166.29,0.1,0
Winter,Karwan Bazar (Dhaka),Dhaka,Rice,Miniket Rice,Kg,65.17,Medium,2,Sunny,Yes,No,Wednesday,67.13,-2.9,0
Monsoon,Chattogram,Chattogram,Garlic,Local Garlic,Kg,167.68,Low,1,Rainy,No,No,Sunday,158.92,5.5,0
Winter,Rajshahi,Rajshahi,Lentil,Imported Lentil,Kg,129.79,Medium,2,Sunny,No,No,Saturday,119.0,9.1,0
Monsoon,Rajshahi,Rajshahi,Onion,Local Onion,Kg,82.44,Low,1,Rainy,No,No,Friday,88.05,-6.4,0
Winter,Chattogram,Chattogram,Garlic,Local Garlic,Kg,171.33,Medium,2,Sunny,No,No,Wednesday,158.6,8.0,0
Summer,Chattogram,Chattogram,Garlic,Local Garlic,Kg,158.36,Low,1,Sunny,Yes,No,Friday,150.39,5.3,0
Monsoon,Sylhet,Sylhet,Lentil,Imported Lentil,Kg,138.13,Low,1,Sunny,No,Yes,Monday,126.9,8.8,0
Monsoon,Karwan Bazar (Dhaka),Dhaka,Onion,Indian Onion,Kg,93.67,Medium,2,Flood,No,No,Sunday,91.13,2.8,0
Monsoon,Khulna,Khulna,Lentil,Imported Lentil,Kg,111.25,High,3,Rainy,No,No,Thursday,126.9,-12.3,0
Monsoon,Karwan Bazar (Dhaka),Dhaka,Garlic,Chinese Garlic,Kg,134.54,High,3,Rainy,Yes,No,Sunday,166.29,-19.1,0
Monsoon,Chattogram,Chattogram,Potato,Local Potato,Kg,25.07,Medium,2,Rainy,Yes,No,Tuesday,33.39,-24.9,0
Summer,Chattogram,Chattogram,Onion,Indian Onion,Kg,79.12,Low,1,Rainy,No,Yes,Tuesday,83.41,-5.1,0
Winter,Barishal,Barishal,Garlic,Local Garlic,Kg,183.02,Medium,2,Sunny,No,No,Saturday,158.6,15.4,1
Winter,Karwan Bazar (Dhaka),Dhaka,Edible Oil,Palm Oil,L,149.78,High,3,Sunny,No,No,Saturday,167.63,-10.6,0
Winter,Karwan Bazar (Dhaka),Dhaka,Lentil,Local Lentil,Kg,111.57,Medium,2,Sunny,Yes,No,Thursday,116.32,-4.1,0
Summer,Barishal,Barishal,Lentil,Imported Lentil,Kg,120.83,Medium,2,Sunny,No,No,Monday,120.06,0.6,0
Winter,Khulna,Khulna,Lentil,Local Lentil,Kg,125.57,Low,1,Rainy,Yes,No,Thursday,116.32,8.0,0
Summer,Chattogram,Chattogram,Potato,Local Potato,Kg,26.24,Medium,2,Rainy,Yes,No,Thursday,30.93,-15.2,0
Winter,Rajshahi,Rajshahi,Potato,Cold Storage Potato,Kg,23.51,High,3,Sunny,No,No,Friday,31.4,-25.1,0
Winter,Chattogram,Chattogram,Onion,Indian Onion,Kg,68.55,High,3,Sunny,No,No,Tuesday,78.26,-12.4,0
Winter,Karwan Bazar (Dhaka),Dhaka,Potato,Local Potato,Kg,31.1,Low,1,Rainy,No,No,Saturday,29.14,6.7,0
Winter,Karwan Bazar (Dhaka),Dhaka,Potato,Cold Storage Potato,Kg,30.8,High,3,Sunny,Yes,No,Monday,31.4,-1.9,0
Winter,Karwan Bazar (Dhaka),Dhaka,Lentil,Imported Lentil,Kg,112.2,Medium,2,Sunny,Yes,No,Friday,119.0,-5.7,0
Summer,Sylhet,Sylhet,Onion,Indian Onion,Kg,98.04,Medium,2,Sunny,No,Yes,Sunday,83.41,17.5,1
Monsoon,Barishal,Barishal,Rice,BR-28 Rice,Kg,80.0,Low,1,Rainy,No,No,Tuesday,71.77,11.5,0
Summer,Rajshahi,Rajshahi,Rice,BR-28 Rice,Kg,58.35,Medium,2,Sunny,Yes,No,Friday,65.77,-11.3,0
Monsoon,Karwan Bazar (Dhaka),Dhaka,Rice,BR-28 Rice,Kg,60.41,Medium,2,Rainy,No,No,Saturday,71.77,-15.8,0
Monsoon,Rajshahi,Rajshahi,Rice,Miniket Rice,Kg,69.55,High,3,Rainy,Yes,Yes,Tuesday,70.66,-1.6,0
Monsoon,Chattogram,Chattogram,Lentil,Local Lentil,Kg,103.96,Medium,2,Sunny,Yes,No,Saturday,126.51,-17.8,0
Monsoon,Sylhet,Sylhet,Lentil,Imported Lentil,Kg,112.12,Medium,2,Rainy,Yes,No,Sunday,126.9,-11.6,0
Summer,Rajshahi,Rajshahi,Lentil,Local Lentil,Kg,113.61,Low,1,Rainy,Yes,No,Sunday,118.59,-4.2,0
Monsoon,Chattogram,Chattogram,Potato,Local Potato,Kg,38.41,Low,1,Rainy,No,No,Wednesday,33.39,15.0,0
Monsoon,Chattogram,Chattogram,Rice,BR-28 Rice,Kg,80.0,Low,1,Flood,No,Yes,Wednesday,71.77,11.5,0
Monsoon,Karwan Bazar (Dhaka),Dhaka,Edible Oil,Palm Oil,L,162.01,Medium,2,Sunny,No,No,Sunday,176.57,-8.2,0
Monsoon,Karwan Bazar (Dhaka),Dhaka,Lentil,Local Lentil,Kg,125.71,High,3,Rainy,No,No,Wednesday,126.51,-0.6,0
Monsoon,Sylhet,Sylhet,Onion,Indian Onion,Kg,61.72,Medium,2,Rainy,No,No,Tuesday,91.13,-32.3,0
Monsoon,Karwan Bazar (Dhaka),Dhaka,Rice,Miniket Rice,Kg,77.48,Low,1,Rainy,Yes,Yes,Sunday,70.66,9.7,0
Summer,Karwan Bazar (Dhaka),Dhaka,Potato,Local Potato,Kg,34.31,Low,1,Rainy,Yes,No,Monday,30.93,10.9,0
Summer,Chattogram,Chattogram,Rice,Miniket Rice,Kg,69.44,High,3,Rainy,Yes,No,Saturday,65.97,5.3,0
Summer,Karwan Bazar (Dhaka),Dhaka,Lentil,Local Lentil,Kg,108.57,High,3,Sunny,Yes,No,Monday,118.59,-8.4,0
Winter,Rajshahi,Rajshahi,Rice,BR-28 Rice,Kg,67.7,Medium,2,Sunny,No,No,Thursday,65.24,3.8,0
Summer,Rajshahi,Rajshahi,Lentil,Local Lentil,Kg,116.38,Medium,2,Sunny,Yes,No,Tuesday,118.59,-1.9,0
Winter,Khulna,Khulna,Potato,Local Potato,Kg,28.21,Medium,2,Sunny,Yes,No,Monday,29.14,-3.2,0
Summer,Rajshahi,Rajshahi,Lentil,Imported Lentil,Kg,140.0,Low,1,Sunny,No,No,Thursday,120.06,16.6,1
Monsoon,Chattogram,Chattogram,Onion,Indian Onion,Kg,67.64,Medium,2,Rainy,Yes,No,Sunday,91.13,-25.8,0
Winter,Chattogram,Chattogram,Potato,Cold Storage Potato,Kg,33.28,Medium,2,Sunny,No,No,Wednesday,31.4,6.0,0
Monsoon,Karwan Bazar (Dhaka),Dhaka,Edible Oil,Soybean Oil,L,148.21,High,3,Sunny,No,No,Monday,178.49,-17.0,0
Monsoon,Karwan Bazar (Dhaka),Dhaka,Onion,Indian Onion,Kg,92.04,Low,1,Flood,Yes,No,Saturday,91.13,1.0,0
Winter,Sylhet,Sylhet,Garlic,Local Garlic,Kg,156.5,Medium,2,Sunny,Yes,No,Wednesday,158.6,-1.3,0
Monsoon,Chattogram,Chattogram,Potato,Local Potato,Kg,39.73,Low,1,Flood,No,No,Saturday,33.39,19.0,1
Winter,Chattogram,Chattogram,Edible Oil,Soybean Oil,L,171.37,Medium,2,Rainy,No,No,Monday,168.34,1.8,0
Monsoon,Rajshahi,Rajshahi,Rice,Najirshail Rice,Kg,77.7,Low,1,Sunny,No,Yes,Tuesday,68.15,14.0,0
Monsoon,Rajshahi,Rajshahi,Rice,Najirshail Rice,Kg,70.93,Low,1,Sunny,No,No,Monday,68.15,4.1,0
Summer,Karwan Bazar (Dhaka),Dhaka,Rice,Miniket Rice,Kg,67.82,Low,1,Sunny,No,No,Saturday,65.97,2.8,0
Summer,Sylhet,Sylhet,Garlic,Local Garlic,Kg,143.71,Medium,2,Rainy,No,No,Tuesday,150.39,-4.4,0
Monsoon,Chattogram,Chattogram,Potato,Local Potato,Kg,32.92,Medium,2,Rainy,No,Yes,Friday,33.39,-1.4,0
Summer,Chattogram,Chattogram,Garlic,Chinese Garlic,Kg,122.35,High,3,Sunny,Yes,No,Sunday,151.19,-19.1,0
Winter,Karwan Bazar (Dhaka),Dhaka,Rice,Miniket Rice,Kg,68.63,Medium,2,Sunny,Yes,No,Friday,67.13,2.2,0
Summer,Rajshahi,Rajshahi,Potato,Cold Storage Potato,Kg,35.0,Low,1,Sunny,No,No,Tuesday,30.5,14.8,0
Winter,Karwan Bazar (Dhaka),Dhaka,Onion,Local Onion,Kg,73.39,Medium,2,Rainy,No,No,Tuesday,82.04,-10.5,0
Summer,Rajshahi,Rajshahi,Lentil,Imported Lentil,Kg,121.13,High,3,Rainy,Yes,No,Sunday,120.06,0.9,0
Monsoon,Sylhet,Sylhet,Lentil,Local Lentil,Kg,125.46,Medium,2,Rainy,No,No,Thursday,126.51,-0.8,0
Summer,Khulna,Khulna,Edible Oil,Soybean Oil,L,167.11,High,3,Rainy,No,No,Monday,170.56,-2.0,0
Monsoon,Barishal,Barishal,Potato,Cold Storage Potato,Kg,34.82,High,3,Sunny,No,No,Saturday,32.63,6.7,0
Monsoon,Khulna,Khulna,Rice,Najirshail Rice,Kg,75.02,Low,1,Rainy,No,No,Monday,68.15,10.1,0
Monsoon,Rajshahi,Rajshahi,Edible Oil,Palm Oil,L,200.0,Low,1,Rainy,No,No,Thursday,176.57,13.3,0
Summer,Karwan Bazar (Dhaka),Dhaka,Garlic,Local Garlic,Kg,170.81,Low,1,Sunny,Yes,No,Sunday,150.39,13.6,0
Summer,Barishal,Barishal,Onion,Local Onion,Kg,57.35,High,3,Sunny,Yes,No,Saturday,86.06,-33.4,0
Summer,Rajshahi,Rajshahi,Potato,Local Potato,Kg,34.37,Low,1,Rainy,No,No,Monday,30.93,11.1,0
Summer,Sylhet,Sylhet,Potato,Local Potato,Kg,27.52,Medium,2,Sunny,No,No,Monday,30.93,-11.0,0
Summer,Chattogram,Chattogram,Lentil,Imported Lentil,Kg,132.64,Medium,2,Sunny,No,No,Wednesday,120.06,10.5,0
Monsoon,Khulna,Khulna,Lentil,Local Lentil,Kg,115.11,Medium,2,Sunny,Yes,Yes,Wednesday,126.51,-9.0,0
Monsoon,Chattogram,Chattogram,Rice,Najirshail Rice,Kg,61.41,Medium,2,Sunny,Yes,No,Wednesday,68.15,-9.9,0
Monsoon,Rajshahi,Rajshahi,Garlic,Local Garlic,Kg,167.87,Medium,2,Sunny,No,No,Monday,158.92,5.6,0
Summer,Rajshahi,Rajshahi,Lentil,Imported Lentil,Kg,140.0,Low,1,Sunny,No,Yes,Friday,120.06,16.6,1
Monsoon,Sylhet,Sylhet,Garlic,Local Garlic,Kg,154.1,High,3,Sunny,No,Yes,Monday,158.92,-3.0,0
Monsoon,Khulna,Khulna,Rice,BR-28 Rice,Kg,56.23,Medium,2,Sunny,Yes,No,Wednesday,71.77,-21.7,0
Summer,Karwan Bazar (Dhaka),Dhaka,Lentil,Local Lentil,Kg,122.08,High,3,Sunny,No,No,Thursday,118.59,2.9,0
Monsoon,Chattogram,Chattogram,Edible Oil,Soybean Oil,L,188.67,Medium,2,Rainy,No,No,Tuesday,178.49,5.7,0
Monsoon,Rajshahi,Rajshahi,Rice,Miniket Rice,Kg,67.37,Medium,2,Sunny,No,No,Friday,70.66,-4.7,0
Winter,Sylhet,Sylhet,Onion,Local Onion,Kg,96.58,High,3,Sunny,No,No,Thursday,82.04,17.7,1
Summer,Chattogram,Chattogram,Potato,Cold Storage Potato,Kg,29.23,High,3,Sunny,No,No,Friday,30.5,-4.2,0
Summer,Rajshahi,Rajshahi,Rice,BR-28 Rice,Kg,70.32,Medium,2,Rainy,No,No,Sunday,65.77,6.9,0
Summer,Khulna,Khulna,Garlic,Chinese Garlic,Kg,148.95,Medium,2,Rainy,No,No,Friday,151.19,-1.5,0
Monsoon,Sylhet,Sylhet,Rice,Miniket Rice,Kg,74.48,Medium,2,Sunny,Yes,No,Thursday,70.66,5.4,0
Monsoon,Chattogram,Chattogram,Edible Oil,Palm Oil,L,172.65,Medium,2,Rainy,Yes,Yes,Sunday,176.57,-2.2,0
Summer,Khulna,Khulna,Garlic,Local Garlic,Kg,121.08,Medium,2,Sunny,Yes,No,Sunday,150.39,-19.5,0
Monsoon,Karwan Bazar (Dhaka),Dhaka,Lentil,Local Lentil,Kg,116.81,Medium,2,Rainy,No,No,Tuesday,126.51,-7.7,0
Summer,Karwan Bazar (Dhaka),Dhaka,Garlic,Chinese Garlic,Kg,145.58,Medium,2,Rainy,No,No,Monday,151.19,-3.7,0
Winter,Karwan Bazar (Dhaka),Dhaka,Rice,Najirshail Rice,Kg,74.51,Low,1,Rainy,Yes,No,Saturday,66.68,11.7,0
Summer,Chattogram,Chattogram,Lentil,Local Lentil,Kg,130.57,Low,1,Sunny,No,No,Sunday,118.59,10.1,0
Summer,Karwan Bazar (Dhaka),Dhaka,Edible Oil,Palm Oil,L,162.73,Medium,2,Sunny,No,No,Thursday,162.73,0.0,0
Summer,Khulna,Khulna,Garlic,Chinese Garlic,Kg,179.35,High,3,Rainy,Yes,No,Friday,151.19,18.6,1
Monsoon,Khulna,Khulna,Rice,BR-28 Rice,Kg,72.4,Medium,2,Sunny,No,No,Tuesday,71.77,0.9,0
Winter,Chattogram,Chattogram,Rice,Najirshail Rice,Kg,67.94,High,3,Sunny,No,No,Tuesday,66.68,1.9,0
Monsoon,Chattogram,Chattogram,Rice,BR-28 Rice,Kg,70.76,Medium,2,Sunny,No,Yes,Saturday,71.77,-1.4,0
Monsoon,Rajshahi,Rajshahi,Lentil,Imported Lentil,Kg,132.52,Medium,2,Rainy,No,No,Wednesday,126.9,4.4,0
Summer,Sylhet,Sylhet,Potato,Local Potato,Kg,30.31,Medium,2,Sunny,No,No,Tuesday,30.93,-2.0,0
Summer,Rajshahi,Rajshahi,Onion,Indian Onion,Kg,88.62,Medium,2,Rainy,Yes,Yes,Tuesday,83.41,6.2,0
Winter,Karwan Bazar (Dhaka),Dhaka,Potato,Cold Storage Potato,Kg,33.0,High,3,Sunny,Yes,No,Sunday,31.4,5.1,0
Summer,Chattogram,Chattogram,Onion,Local Onion,Kg,86.06,High,3,Sunny,No,Yes,Saturday,86.06,0.0,0
Winter,Rajshahi,Rajshahi,Onion,Indian Onion,Kg,72.81,High,3,Flood,No,No,Wednesday,78.26,-7.0,0
Summer,Rajshahi,Rajshahi,Rice,Miniket Rice,Kg,65.15,Medium,2,Sunny,Yes,No,Sunday,65.97,-1.2,0
Monsoon,Chattogram,Chattogram,Rice,Miniket Rice,Kg,80.0,Low,1,Rainy,No,Yes,Saturday,70.66,13.2,0
Summer,Chattogram,Chattogram,Onion,Indian Onion,Kg,62.35,Medium,2,Sunny,No,No,Friday,83.41,-25.2,0
Winter,Chattogram,Chattogram,Onion,Local Onion,Kg,112.65,Low,1,Sunny,No,No,Thursday,82.04,37.3,1
Summer,Khulna,Khulna,Rice,Najirshail Rice,Kg,64.04,Medium,2,Rainy,Yes,No,Tuesday,65.16,-1.7,0
Summer,Karwan Bazar (Dhaka),Dhaka,Onion,Indian Onion,Kg,88.34,Medium,2,Rainy,No,No,Thursday,83.41,5.9,0
Summer,Chattogram,Chattogram,Onion,Indian Onion,Kg,81.93,Low,1,Sunny,Yes,No,Thursday,83.41,-1.8,0
Monsoon,Rajshahi,Rajshahi,Potato,Local Potato,Kg,32.58,Medium,2,Sunny,No,No,Monday,33.39,-2.4,0
Monsoon,Sylhet,Sylhet,Onion,Local Onion,Kg,72.97,Medium,2,Sunny,Yes,No,Saturday,88.05,-17.1,0
Summer,Karwan Bazar (Dhaka),Dhaka,Garlic,Chinese Garlic,Kg,118.46,High,3,Sunny,Yes,No,Monday,151.19,-21.6,0
Monsoon,Chattogram,Chattogram,Edible Oil,Palm Oil,L,140.53,High,3,Rainy,Yes,No,Sunday,176.57,-20.4,0
Summer,Karwan Bazar (Dhaka),Dhaka,Rice,Miniket Rice,Kg,73.21,Medium,2,Rainy,No,No,Saturday,65.97,11.0,0
Monsoon,Karwan Bazar (Dhaka),Dhaka,Rice,Miniket Rice,Kg,66.1,Medium,2,Rainy,No,No,Saturday,70.66,-6.5,0
Monsoon,Khulna,Khulna,Onion,Local Onion,Kg,80.64,High,3,Flood,No,No,Monday,88.05,-8.4,0
Monsoon,Khulna,Khulna,Onion,Local Onion,Kg,103.59,Medium,2,Sunny,No,No,Thursday,88.05,17.6,1
Summer,Chattogram,Chattogram,Rice,Miniket Rice,Kg,64.81,High,3,Rainy,Yes,Yes,Monday,65.97,-1.8,0
Summer,Khulna,Khulna,Potato,Cold Storage Potato,Kg,38.54,Medium,2,Rainy,No,Yes,Sunday,30.5,26.4,1
Monsoon,Rajshahi,Rajshahi,Lentil,Local Lentil,Kg,106.41,Medium,2,Sunny,Yes,No,Sunday,126.51,-15.9,0
Monsoon,Karwan Bazar (Dhaka),Dhaka,Potato,Cold Storage Potato,Kg,32.79,High,3,Sunny,No,Yes,Wednesday,32.63,0.5,0
Monsoon,Sylhet,Sylhet,Rice,BR-28 Rice,Kg,61.64,High,3,Rainy,Yes,No,Thursday,71.77,-14.1,0
Winter,Sylhet,Sylhet,Edible Oil,Soybean Oil,L,134.52,High,3,Sunny,Yes,No,Thursday,168.34,-20.1,0
Monsoon,Chattogram,Chattogram,Potato,Cold Storage Potato,Kg,28.93,High,3,Sunny,No,Yes,Thursday,32.63,-11.3,0
Winter,Khulna,Khulna,Garlic,Chinese Garlic,Kg,153.56,High,3,Sunny,No,No,Tuesday,152.03,1.0,0
Summer,Chattogram,Chattogram,Lentil,Local Lentil,Kg,111.57,Medium,2,Rainy,Yes,No,Monday,118.59,-5.9,0
Monsoon,Rajshahi,Rajshahi,Rice,Najirshail Rice,Kg,56.87,Medium,2,Sunny,Yes,No,Thursday,68.15,-16.6,0
Summer,Rajshahi,Rajshahi,Potato,Cold Storage Potato,Kg,32.01,Medium,2,Sunny,Yes,No,Sunday,30.5,5.0,0
Monsoon,Karwan Bazar (Dhaka),Dhaka,Garlic,Local Garlic,Kg,152.11,Medium,2,Rainy,Yes,No,Thursday,158.92,-4.3,0
Summer,Sylhet,Sylhet,Edible Oil,Palm Oil,L,188.84,Low,1,Rainy,No,No,Saturday,162.73,16.0,1
Summer,Khulna,Khulna,Lentil,Local Lentil,Kg,92.68,High,3,Sunny,Yes,No,Saturday,118.59,-21.8,0
Monsoon,Rajshahi,Rajshahi,Edible Oil,Soybean Oil,L,154.75,Medium,2,Rainy,No,No,Monday,178.49,-13.3,0
Summer,Khulna,Khulna,Onion,Indian Onion,Kg,68.62,High,3,Rainy,Yes,No,Thursday,83.41,-17.7,0
Winter,Karwan Bazar (Dhaka),Dhaka,Rice,Miniket Rice,Kg,68.56,Medium,2,Sunny,No,No,Thursday,67.13,2.1,0
Winter,Rajshahi,Rajshahi,Garlic,Chinese Garlic,Kg,132.52,High,3,Sunny,Yes,No,Tuesday,152.03,-12.8,0
Monsoon,Sylhet,Sylhet,Onion,Indian Onion,Kg,82.54,Medium,2,Rainy,No,No,Sunday,91.13,-9.4,0
Summer,Chattogram,Chattogram,Edible Oil,Soybean Oil,L,178.6,Medium,2,Rainy,No,Yes,Sunday,170.56,4.7,0
Winter,Barishal,Barishal,Potato,Local Potato,Kg,27.28,Medium,2,Sunny,No,No,Monday,29.14,-6.4,0
Winter,Chattogram,Chattogram,Onion,Indian Onion,Kg,76.93,Medium,2,Rainy,Yes,No,Wednesday,78.26,-1.7,0
Summer,Sylhet,Sylhet,Edible Oil,Soybean Oil,L,175.68,High,3,Rainy,Yes,No,Sunday,170.56,3.0,0
Summer,Karwan Bazar (Dhaka),Dhaka,Edible Oil,Soybean Oil,L,200.0,Low,1,Sunny,No,Yes,Sunday,170.56,17.3,1
Winter,Khulna,Khulna,Garlic,Chinese Garlic,Kg,165.4,Medium,2,Sunny,Yes,No,Friday,152.03,8.8,0
Winter,Sylhet,Sylhet,Edible Oil,Soybean Oil,L,171.45,High,3,Sunny,No,No,Sunday,168.34,1.8,0
Monsoon,Rajshahi,Rajshahi,Onion,Indian Onion,Kg,89.88,Medium,2,Sunny,Yes,No,Saturday,91.13,-1.4,0
Winter,Khulna,Khulna,Rice,Miniket Rice,Kg,65.32,Medium,2,Sunny,No,No,Saturday,67.13,-2.7,0
Summer,Chattogram,Chattogram,Rice,Miniket Rice,Kg,56.82,Medium,2,Sunny,Yes,No,Friday,65.97,-13.9,0
Monsoon,Rajshahi,Rajshahi,Potato,Cold Storage Potato,Kg,34.61,High,3,Flood,No,Yes,Tuesday,32.63,6.1,0
Summer,Sylhet,Sylhet,Rice,Najirshail Rice,Kg,71.94,Medium,2,Sunny,No,No,Wednesday,65.16,10.4,0
Winter,Khulna,Khulna,Lentil,Local Lentil,Kg,121.12,Medium,2,Sunny,No,No,Tuesday,116.32,4.1,0
Summer,Khulna,Khulna,Rice,BR-28 Rice,Kg,80.0,Low,1,Sunny,No,No,Friday,65.77,21.6,1
Summer,Chattogram,Chattogram,Potato,Cold Storage Potato,Kg,28.31,Low,1,Sunny,Yes,Yes,Thursday,30.5,-7.2,0
Monsoon,Karwan Bazar (Dhaka),Dhaka,Garlic,Local Garlic,Kg,191.18,Medium,2,Rainy,No,Yes,Thursday,158.92,20.3,1
Monsoon,Khulna,Khulna,Lentil,Imported Lentil,Kg,140.0,Low,1,Sunny,No,Yes,Friday,126.9,10.3,0
Summer,Khulna,Khulna,Potato,Cold Storage Potato,Kg,27.9,Medium,2,Sunny,Yes,Yes,Sunday,30.5,-8.5,0
Winter,Rajshahi,Rajshahi,Edible Oil,Soybean Oil,L,179.88,Medium,2,Rainy,No,No,Tuesday,168.34,6.9,0
Summer,Khulna,Khulna,Onion,Local Onion,Kg,82.22,Medium,2,Sunny,No,Yes,Sunday,86.06,-4.5,0
Monsoon,Karwan Bazar (Dhaka),Dhaka,Edible Oil,Soybean Oil,L,187.06,Low,1,Flood,No,No,Friday,178.49,4.8,0
Monsoon,Chattogram,Chattogram,Lentil,Local Lentil,Kg,126.32,Low,1,Rainy,No,No,Monday,126.51,-0.2,0
Monsoon,Khulna,Khulna,Edible Oil,Soybean Oil,L,198.82,Medium,2,Rainy,No,Yes,Thursday,178.49,11.4,0
Summer,Barishal,Barishal,Garlic,Chinese Garlic,Kg,135.07,High,3,Rainy,Yes,No,Saturday,151.19,-10.7,0
Winter,Karwan Bazar (Dhaka),Dhaka,Potato,Cold Storage Potato,Kg,30.0,Medium,2,Sunny,No,No,Sunday,31.4,-4.5,0
Summer,Barishal,Barishal,Onion,Indian Onion,Kg,82.53,Medium,2,Rainy,No,No,Friday,83.41,-1.1,0
Winter,Barishal,Barishal,Garlic,Chinese Garlic,Kg,136.61,Medium,2,Sunny,Yes,No,Monday,152.03,-10.1,0
Summer,Karwan Bazar (Dhaka),Dhaka,Onion,Indian Onion,Kg,87.16,Low,1,Rainy,No,No,Saturday,83.41,4.5,0
Monsoon,Rajshahi,Rajshahi,Edible Oil,Soybean Oil,L,174.91,Medium,2,Rainy,No,Yes,Saturday,178.49,-2.0,0
Summer,Barishal,Barishal,Edible Oil,Soybean Oil,L,174.03,High,3,Rainy,No,Yes,Sunday,170.56,2.0,0
Winter,Khulna,Khulna,Onion,Local Onion,Kg,82.04,Medium,2,Sunny,No,No,Saturday,82.04,0.0,0
Summer,Khulna,Khulna,Rice,BR-28 Rice,Kg,64.47,Medium,2,Sunny,Yes,No,Tuesday,65.77,-2.0,0
Monsoon,Rajshahi,Rajshahi,Onion,Local Onion,Kg,94.09,Medium,2,Sunny,No,No,Tuesday,88.05,6.9,0
Winter,Khulna,Khulna,Onion,Indian Onion,Kg,72.23,Low,1,Rainy,Yes,No,Wednesday,78.26,-7.7,0
Summer,Rajshahi,Rajshahi,Potato,Local Potato,Kg,36.16,High,3,Flood,Yes,No,Monday,30.93,16.9,1
Winter,Khulna,Khulna,Rice,BR-28 Rice,Kg,71.6,Medium,2,Rainy,No,No,Wednesday,65.24,9.7,0
Summer,Barishal,Barishal,Rice,Najirshail Rice,Kg,77.98,Medium,2,Sunny,No,Yes,Sunday,65.16,19.7,1
Summer,Khulna,Khulna,Garlic,Chinese Garlic,Kg,169.6,Medium,2,Sunny,No,No,Thursday,151.19,12.2,0
Monsoon,Chattogram,Chattogram,Rice,BR-28 Rice,Kg,61.0,Medium,2,Rainy,Yes,Yes,Saturday,71.77,-15.0,0
Monsoon,Karwan Bazar (Dhaka),Dhaka,Garlic,Local Garlic,Kg,141.69,High,3,Rainy,No,Yes,Tuesday,158.92,-10.8,0
Summer,Khulna,Khulna,Lentil,Imported Lentil,Kg,101.51,Medium,2,Sunny,Yes,No,Thursday,120.06,-15.5,0
Winter,Rajshahi,Rajshahi,Edible Oil,Palm Oil,L,167.63,Medium,2,Sunny,No,No,Thursday,167.63,0.0,0
Monsoon,Chattogram,Chattogram,Potato,Cold Storage Potato,Kg,35.82,Low,1,Sunny,Yes,Yes,Tuesday,32.63,9.8,0
Monsoon,Sylhet,Sylhet,Rice,Najirshail Rice,Kg,63.53,Medium,2,Rainy,No,No,Sunday,68.15,-6.8,0
Summer,Rajshahi,Rajshahi,Edible Oil,Soybean Oil,L,158.35,Medium,2,Sunny,Yes,No,Tuesday,170.56,-7.2,0
Summer,Rajshahi,Rajshahi,Potato,Local Potato,Kg,33.93,Low,1,Sunny,No,Yes,Wednesday,30.93,9.7,0
Summer,Karwan Bazar (Dhaka),Dhaka,Rice,BR-28 Rice,Kg,73.16,Low,1,Sunny,No,No,Monday,65.77,11.2,0
Winter,Karwan Bazar (Dhaka),Dhaka,Potato,Local Potato,Kg,28.8,Medium,2,Rainy,Yes,No,Wednesday,29.14,-1.2,0
Summer,Rajshahi,Rajshahi,Potato,Cold Storage Potato,Kg,30.06,High,3,Sunny,No,No,Tuesday,30.5,-1.4,0
Monsoon,Khulna,Khulna,Rice,Najirshail Rice,Kg,56.77,Medium,2,Sunny,Yes,No,Thursday,68.15,-16.7,0
Winter,Karwan Bazar (Dhaka),Dhaka,Edible Oil,Soybean Oil,L,200.0,Low,1,Rainy,No,No,Thursday,168.34,18.8,1
Summer,Khulna,Khulna,Garlic,Chinese Garlic,Kg,144.97,High,3,Sunny,No,No,Saturday,151.19,-4.1,0
Summer,Sylhet,Sylhet,Lentil,Imported Lentil,Kg,108.3,Medium,2,Rainy,No,No,Friday,120.06,-9.8,0
Summer,Rajshahi,Rajshahi,Potato,Cold Storage Potato,Kg,26.84,High,3,Rainy,Yes,Yes,Wednesday,30.5,-12.0,0
Summer,Khulna,Khulna,Rice,Miniket Rice,Kg,60.18,Medium,2,Rainy,Yes,No,Friday,65.97,-8.8,0
Summer,Khulna,Khulna,Onion,Local Onion,Kg,99.65,Medium,2,Rainy,No,No,Thursday,86.06,15.8,1
Winter,Khulna,Khulna,Onion,Local Onion,Kg,68.05,Medium,2,Rainy,Yes,No,Friday,82.04,-17.1,0
Summer,Khulna,Khulna,Lentil,Imported Lentil,Kg,116.67,Medium,2,Rainy,Yes,Yes,Wednesday,120.06,-2.8,0
Winter,Karwan Bazar (Dhaka),Dhaka,Edible Oil,Soybean Oil,L,200.0,Low,1,Sunny,No,No,Thursday,168.34,18.8,1
Monsoon,Karwan Bazar (Dhaka),Dhaka,Rice,BR-28 Rice,Kg,64.59,Medium,2,Rainy,No,No,Saturday,71.77,-10.0,0
Winter,Khulna,Khulna,Rice,BR-28 Rice,Kg,64.76,Medium,2,Sunny,No,No,Wednesday,65.24,-0.7,0
Winter,Rajshahi,Rajshahi,Lentil,Imported Lentil,Kg,109.3,Medium,2,Rainy,Yes,No,Monday,119.0,-8.2,0
Winter,Rajshahi,Rajshahi,Potato,Cold Storage Potato,Kg,31.78,Medium,2,Sunny,Yes,No,Thursday,31.4,1.2,0
Winter,Sylhet,Sylhet,Potato,Local Potato,Kg,29.92,Medium,2,Rainy,Yes,No,Thursday,29.14,2.7,0
Monsoon,Chattogram,Chattogram,Onion,Indian Onion,Kg,74.93,High,3,Sunny,No,Yes,Tuesday,91.13,-17.8,0
Summer,Chattogram,Chattogram,Rice,BR-28 Rice,Kg,58.39,Medium,2,Sunny,No,No,Thursday,65.77,-11.2,0
Summer,Karwan Bazar (Dhaka),Dhaka,Rice,BR-28 Rice,Kg,80.0,Low,1,Rainy,No,Yes,Saturday,65.77,21.6,1
Monsoon,Khulna,Khulna,Lentil,Imported Lentil,Kg,112.42,High,3,Flood,Yes,No,Wednesday,126.9,-11.4,0
Monsoon,Khulna,Khulna,Garlic,Chinese Garlic,Kg,154.26,Medium,2,Rainy,Yes,No,Sunday,166.29,-7.2,0
Monsoon,Chattogram,Chattogram,Edible Oil,Palm Oil,L,200.0,Low,1,Sunny,No,Yes,Saturday,176.57,13.3,0
Monsoon,Barishal,Barishal,Potato,Local Potato,Kg,29.33,Low,1,Rainy,Yes,No,Friday,33.39,-12.2,0
Summer,Karwan Bazar (Dhaka),Dhaka,Garlic,Chinese Garlic,Kg,128.5,High,3,Sunny,Yes,Yes,Tuesday,151.19,-15.0,0
Summer,Barishal,Barishal,Edible Oil,Soybean Oil,L,184.81,Low,1,Sunny,No,Yes,Sunday,170.56,8.4,0
Summer,Karwan Bazar (Dhaka),Dhaka,Potato,Local Potato,Kg,36.02,Low,1,Sunny,No,Yes,Friday,30.93,16.5,1
Monsoon,Khulna,Khulna,Rice,Najirshail Rice,Kg,75.13,High,3,Flood,No,No,Monday,68.15,10.2,0
Summer,Karwan Bazar (Dhaka),Dhaka,Lentil,Local Lentil,Kg,118.55,Medium,2,Sunny,No,Yes,Wednesday,118.59,-0.0,0
Summer,Rajshahi,Rajshahi,Garlic,Chinese Garlic,Kg,158.95,Medium,2,Sunny,No,Yes,Saturday,151.19,5.1,0
Winter,Rajshahi,Rajshahi,Lentil,Imported Lentil,Kg,106.58,Medium,2,Rainy,Yes,No,Tuesday,119.0,-10.4,0
Winter,Sylhet,Sylhet,Edible Oil,Palm Oil,L,159.87,High,3,Sunny,No,No,Saturday,167.63,-4.6,0
Winter,Chattogram,Chattogram,Edible Oil,Palm Oil,L,178.5,High,3,Sunny,No,No,Saturday,167.63,6.5,0
Monsoon,Chattogram,Chattogram,Rice,BR-28 Rice,Kg,73.1,Medium,2,Rainy,No,Yes,Monday,71.77,1.9,0
Summer,Karwan Bazar (Dhaka),Dhaka,Edible Oil,Palm Oil,L,152.95,High,3,Rainy,No,No,Monday,162.73,-6.0,0
Winter,Barishal,Barishal,Garlic,Chinese Garlic,Kg,156.27,Medium,2,Sunny,No,No,Tuesday,152.03,2.8,0
Winter,Barishal,Barishal,Potato,Cold Storage Potato,Kg,36.86,High,3,Sunny,No,Yes,Tuesday,31.4,17.4,1
Winter,Chattogram,Chattogram,Garlic,Local Garlic,Kg,173.26,Medium,2,Sunny,Yes,No,Saturday,158.6,9.2,0
Summer,Rajshahi,Rajshahi,Potato,Cold Storage Potato,Kg,29.65,Medium,2,Sunny,Yes,No,Saturday,30.5,-2.8,0
Monsoon,Chattogram,Chattogram,Lentil,Local Lentil,Kg,132.5,Low,1,Flood,Yes,No,Saturday,126.51,4.7,0
Winter,Karwan Bazar (Dhaka),Dhaka,Onion,Indian Onion,Kg,89.87,Medium,2,Sunny,No,No,Tuesday,78.26,14.8,0
Monsoon,Khulna,Khulna,Edible Oil,Palm Oil,L,187.43,Medium,2,Rainy,No,No,Friday,176.57,6.2,0
Monsoon,Sylhet,Sylhet,Rice,Miniket Rice,Kg,69.09,High,3,Sunny,No,No,Thursday,70.66,-2.2,0
Monsoon,Karwan Bazar (Dhaka),Dhaka,Potato,Cold Storage Potato,Kg,36.2,Low,1,Sunny,No,No,Tuesday,32.63,10.9,0
Monsoon,Sylhet,Sylhet,Onion,Local Onion,Kg,97.23,Medium,2,Rainy,No,No,Wednesday,88.05,10.4,0
Monsoon,Sylhet,Sylhet,Rice,BR-28 Rice,Kg,71.92,Medium,2,Rainy,No,No,Friday,71.77,0.2,0
Monsoon,Karwan Bazar (Dhaka),Dhaka,Rice,Miniket Rice,Kg,70.66,Low,1,Sunny,Yes,Yes,Thursday,70.66,0.0,0
Monsoon,Khulna,Khulna,Lentil,Local Lentil,Kg,123.47,Low,1,Rainy,Yes,No,Friday,126.51,-2.4,0
Winter,Karwan Bazar (Dhaka),Dhaka,Potato,Cold Storage Potato,Kg,33.66,High,3,Sunny,No,No,Monday,31.4,7.2,0
Monsoon,Karwan Bazar (Dhaka),Dhaka,Rice,Najirshail Rice,Kg,80.0,Medium,2,Rainy,No,Yes,Monday,68.15,17.4,1
Summer,Sylhet,Sylhet,Lentil,Local Lentil,Kg,140.0,Low,1,Rainy,No,No,Monday,118.59,18.1,1
Winter,Barishal,Barishal,Potato,Local Potato,Kg,33.09,Medium,2,Sunny,Yes,No,Monday,29.14,13.5,0
Summer,Sylhet,Sylhet,Lentil,Local Lentil,Kg,102.01,High,3,Rainy,Yes,No,Friday,118.59,-14.0,0
Winter,Karwan Bazar (Dhaka),Dhaka,Onion,Indian Onion,Kg,59.91,Medium,2,Sunny,No,No,Wednesday,78.26,-23.4,0
Summer,Khulna,Khulna,Potato,Local Potato,Kg,28.74,High,3,Sunny,Yes,No,Saturday,30.93,-7.1,0
Summer,Karwan Bazar (Dhaka),Dhaka,Onion,Indian Onion,Kg,69.82,Medium,2,Sunny,No,Yes,Tuesday,83.41,-16.3,0
Monsoon,Chattogram,Chattogram,Lentil,Local Lentil,Kg,128.71,Medium,2,Rainy,No,Yes,Thursday,126.51,1.7,0
Summer,Chattogram,Chattogram,Onion,Indian Onion,Kg,76.22,Medium,2,Sunny,No,No,Thursday,83.41,-8.6,0
Monsoon,Karwan Bazar (Dhaka),Dhaka,Potato,Cold Storage Potato,Kg,38.0,Low,1,Sunny,Yes,Yes,Thursday,32.63,16.5,1
Winter,Chattogram,Chattogram,Rice,BR-28 Rice,Kg,65.72,Medium,2,Sunny,No,No,Tuesday,65.24,0.7,0
Monsoon,Chattogram,Chattogram,Potato,Cold Storage Potato,Kg,33.24,Medium,2,Rainy,No,Yes,Saturday,32.63,1.9,0
Winter,Rajshahi,Rajshahi,Onion,Local Onion,Kg,86.28,Medium,2,Sunny,Yes,No,Friday,82.04,5.2,0
Monsoon,Chattogram,Chattogram,Rice,BR-28 Rice,Kg,77.42,Medium,2,Rainy,No,Yes,Saturday,71.77,7.9,0
Winter,Karwan Bazar (Dhaka),Dhaka,Garlic,Local Garlic,Kg,146.91,Low,1,Sunny,No,No,Saturday,158.6,-7.4,0
Summer,Rajshahi,Rajshahi,Onion,Indian Onion,Kg,99.79,High,3,Rainy,No,No,Saturday,83.41,19.6,1
Winter,Sylhet,Sylhet,Garlic,Local Garlic,Kg,158.6,Medium,2,Sunny,Yes,No,Tuesday,158.6,0.0,0
Summer,Khulna,Khulna,Rice,BR-28 Rice,Kg,70.44,Low,1,Sunny,Yes,No,Sunday,65.77,7.1,0
Summer,Barishal,Barishal,Rice,BR-28 Rice,Kg,66.5,Medium,2,Sunny,Yes,No,Monday,65.77,1.1,0
Summer,Rajshahi,Rajshahi,Edible Oil,Palm Oil,L,188.31,Low,1,Sunny,No,Yes,Thursday,162.73,15.7,1
Monsoon,Rajshahi,Rajshahi,Edible Oil,Palm Oil,L,177.52,Medium,2,Rainy,No,No,Wednesday,176.57,0.5,0
Summer,Rajshahi,Rajshahi,Garlic,Local Garlic,Kg,100.0,Medium,2,Sunny,Yes,No,Tuesday,150.39,-33.5,0
Summer,Rajshahi,Rajshahi,Rice,Najirshail Rice,Kg,57.24,Medium,2,Sunny,Yes,No,Wednesday,65.16,-12.2,0
Winter,Chattogram,Chattogram,Potato,Local Potato,Kg,26.76,Medium,2,Sunny,No,No,Friday,29.14,-8.2,0
Winter,Barishal,Barishal,Potato,Cold Storage Potato,Kg,25.66,Low,1,Rainy,Yes,No,Wednesday,31.4,-18.3,0
Winter,Chattogram,Chattogram,Onion,Local Onion,Kg,82.25,High,3,Rainy,Yes,No,Thursday,82.04,0.3,0
Winter,Rajshahi,Rajshahi,Potato,Local Potato,Kg,28.68,High,3,Sunny,Yes,No,Sunday,29.14,-1.6,0
Winter,Barishal,Barishal,Rice,Najirshail Rice,Kg,63.83,Medium,2,Sunny,Yes,No,Wednesday,66.68,-4.3,0
Monsoon,Karwan Bazar (Dhaka),Dhaka,Lentil,Imported Lentil,Kg,119.95,High,3,Sunny,No,Yes,Monday,126.9,-5.5,0
Monsoon,Khulna,Khulna,Lentil,Imported Lentil,Kg,140.0,Medium,2,Rainy,No,Yes,Saturday,126.9,10.3,0
Monsoon,Karwan Bazar (Dhaka),Dhaka,Garlic,Local Garlic,Kg,173.34,Medium,2,Flood,No,Yes,Wednesday,158.92,9.1,0
Winter,Khulna,Khulna,Onion,Indian Onion,Kg,82.68,Medium,2,Sunny,No,No,Friday,78.26,5.6,0
Monsoon,Chattogram,Chattogram,Rice,Najirshail Rice,Kg,72.18,Low,1,Sunny,Yes,Yes,Friday,68.15,5.9,0
Monsoon,Sylhet,Sylhet,Rice,Najirshail Rice,Kg,68.15,Medium,2,Rainy,No,No,Saturday,68.15,0.0,0
Summer,Chattogram,Chattogram,Lentil,Local Lentil,Kg,129.68,Medium,2,Sunny,No,No,Friday,118.59,9.4,0
Summer,Rajshahi,Rajshahi,Potato,Local Potato,Kg,26.18,Medium,2,Rainy,No,No,Wednesday,30.93,-15.4,0
Monsoon,Chattogram,Chattogram,Potato,Local Potato,Kg,28.77,Medium,2,Sunny,No,No,Saturday,33.39,-13.8,0
Monsoon,Karwan Bazar (Dhaka),Dhaka,Lentil,Imported Lentil,Kg,115.68,Medium,2,Rainy,Yes,No,Sunday,126.9,-8.8,0
Winter,Khulna,Khulna,Rice,Najirshail Rice,Kg,71.13,Medium,2,Sunny,No,No,Monday,66.68,6.7,0
Monsoon,Chattogram,Chattogram,Rice,Najirshail Rice,Kg,63.76,High,3,Sunny,No,Yes,Friday,68.15,-6.4,0
Monsoon,Rajshahi,Rajshahi,Onion,Indian Onion,Kg,100.23,Medium,2,Rainy,No,Yes,Wednesday,91.13,10.0,0
Monsoon,Karwan Bazar (Dhaka),Dhaka,Edible Oil,Palm Oil,L,174.06,High,3,Rainy,Yes,No,Monday,176.57,-1.4,0
Winter,Sylhet,Sylhet,Onion,Local Onion,Kg,78.02,Medium,2,Sunny,Yes,No,Friday,82.04,-4.9,0
Summer,Rajshahi,Rajshahi,Rice,Najirshail Rice,Kg,63.57,Low,1,Sunny,Yes,No,Wednesday,65.16,-2.4,0
Monsoon,Karwan Bazar (Dhaka),Dhaka,Edible Oil,Palm Oil,L,186.56,High,3,Rainy,No,No,Friday,176.57,5.7,0
Summer,Barishal,Barishal,Garlic,Chinese Garlic,Kg,188.42,Low,1,Rainy,Yes,Yes,Wednesday,151.19,24.6,1
Summer,Khulna,Khulna,Lentil,Imported Lentil,Kg,114.08,Medium,2,Sunny,Yes,No,Wednesday,120.06,-5.0,0
Monsoon,Sylhet,Sylhet,Rice,Najirshail Rice,Kg,76.51,Low,1,Flood,Yes,Yes,Friday,68.15,12.3,0
Monsoon,Karwan Bazar (Dhaka),Dhaka,Edible Oil,Soybean Oil,L,145.49,Medium,2,Rainy,No,No,Tuesday,178.49,-18.5,0
Monsoon,Chattogram,Chattogram,Rice,Miniket Rice,Kg,69.82,Medium,2,Flood,No,No,Tuesday,70.66,-1.2,0
Winter,Chattogram,Chattogram,Onion,Local Onion,Kg,74.92,Medium,2,Sunny,Yes,No,Thursday,82.04,-8.7,0
Monsoon,Chattogram,Chattogram,Rice,Miniket Rice,Kg,68.84,High,3,Rainy,Yes,No,Monday,70.66,-2.6,0
Monsoon,Rajshahi,Rajshahi,Onion,Local Onion,Kg,70.14,Low,1,Sunny,Yes,No,Wednesday,88.05,-20.3,0
Winter,Khulna,Khulna,Lentil,Local Lentil,Kg,129.29,Low,1,Rainy,No,No,Friday,116.32,11.2,0
Summer,Karwan Bazar (Dhaka),Dhaka,Rice,Miniket Rice,Kg,79.94,Low,1,Sunny,No,No,Friday,65.97,21.2,1
Summer,Sylhet,Sylhet,Lentil,Local Lentil,Kg,140.0,Low,1,Sunny,No,Yes,Sunday,118.59,18.1,1
Winter,Karwan Bazar (Dhaka),Dhaka,Onion,Local Onion,Kg,64.71,Medium,2,Sunny,No,No,Sunday,82.04,-21.1,0
Monsoon,Chattogram,Chattogram,Garlic,Local Garlic,Kg,147.97,High,3,Rainy,No,No,Wednesday,158.92,-6.9,0
Monsoon,Khulna,Khulna,Rice,Miniket Rice,Kg,64.43,Medium,2,Flood,Yes,No,Wednesday,70.66,-8.8,0
Winter,Chattogram,Chattogram,Lentil,Local Lentil,Kg,139.52,Low,1,Rainy,No,No,Monday,116.32,19.9,1
Winter,Khulna,Khulna,Onion,Local Onion,Kg,100.87,Low,1,Sunny,Yes,No,Saturday,82.04,23.0,1
Winter,Karwan Bazar (Dhaka),Dhaka,Edible Oil,Soybean Oil,L,136.92,High,3,Sunny,Yes,No,Sunday,168.34,-18.7,0
Monsoon,Chattogram,Chattogram,Potato,Cold Storage Potato,Kg,36.15,Medium,2,Rainy,No,No,Monday,32.63,10.8,0
Winter,Karwan Bazar (Dhaka),Dhaka,Garlic,Chinese Garlic,Kg,131.06,Medium,2,Sunny,Yes,No,Sunday,152.03,-13.8,0
Monsoon,Chattogram,Chattogram,Rice,Miniket Rice,Kg,80.0,Low,1,Rainy,No,No,Thursday,70.66,13.2,0
Summer,Karwan Bazar (Dhaka),Dhaka,Potato,Local Potato,Kg,29.76,High,3,Sunny,Yes,No,Saturday,30.93,-3.8,0
Summer,Khulna,Khulna,Rice,Miniket Rice,Kg,59.35,Medium,2,Sunny,Yes,Yes,Sunday,65.97,-10.0,0
Winter,Sylhet,Sylhet,Lentil,Local Lentil,Kg,109.76,Medium,2,Sunny,No,No,Tuesday,116.32,-5.6,0
Monsoon,Sylhet,Sylhet,Lentil,Imported Lentil,Kg,128.23,Low,1,Rainy,No,No,Wednesday,126.9,1.0,0
Monsoon,Barishal,Barishal,Lentil,Imported Lentil,Kg,140.0,Medium,2,Rainy,No,No,Friday,126.9,10.3,0
Winter,Sylhet,Sylhet,Edible Oil,Soybean Oil,L,169.56,Medium,2,Sunny,No,No,Friday,168.34,0.7,0
Monsoon,Karwan Bazar (Dhaka),Dhaka,Rice,BR-28 Rice,Kg,80.0,Low,1,Rainy,No,No,Monday,71.77,11.5,0
Winter,Rajshahi,Rajshahi,Lentil,Local Lentil,Kg,109.87,High,3,Rainy,Yes,No,Wednesday,116.32,-5.5,0
Winter,Rajshahi,Rajshahi,Garlic,Chinese Garlic,Kg,125.03,Medium,2,Sunny,Yes,No,Sunday,152.03,-17.8,0
Winter,Sylhet,Sylhet,Garlic,Local Garlic,Kg,160.58,Medium,2,Sunny,No,Yes,Wednesday,158.6,1.2,0
Monsoon,Sylhet,Sylhet,Rice,BR-28 Rice,Kg,67.65,Medium,2,Rainy,No,Yes,Saturday,71.77,-5.7,0
Monsoon,Karwan Bazar (Dhaka),Dhaka,Onion,Indian Onion,Kg,80.0,High,3,Flood,Yes,No,Saturday,91.13,-12.2,0
Winter,Sylhet,Sylhet,Garlic,Chinese Garlic,Kg,188.58,Medium,2,Sunny,No,No,Thursday,152.03,24.0,1
Monsoon,Rajshahi,Rajshahi,Rice,Miniket Rice,Kg,66.89,Medium,2,Sunny,Yes,No,Wednesday,70.66,-5.3,0
Monsoon,Rajshahi,Rajshahi,Rice,Najirshail Rice,Kg,73.1,Medium,2,Rainy,No,No,Saturday,68.15,7.3,0
Summer,Karwan Bazar (Dhaka),Dhaka,Lentil,Local Lentil,Kg,116.33,Medium,2,Sunny,No,No,Wednesday,118.59,-1.9,0
Monsoon,Barishal,Barishal,Edible Oil,Soybean Oil,L,165.83,Low,1,Sunny,Yes,No,Saturday,178.49,-7.1,0
Summer,Chattogram,Chattogram,Lentil,Imported Lentil,Kg,122.03,Medium,2,Sunny,No,No,Monday,120.06,1.6,0
Summer,Sylhet,Sylhet,Potato,Local Potato,Kg,37.41,Low,1,Sunny,No,No,Wednesday,30.93,21.0,1
Summer,Chattogram,Chattogram,Rice,Najirshail Rice,Kg,61.71,Medium,2,Sunny,Yes,No,Thursday,65.16,-5.3,0
Monsoon,Sylhet,Sylhet,Rice,Miniket Rice,Kg,69.19,Medium,2,Rainy,No,Yes,Wednesday,70.66,-2.1,0
Monsoon,Karwan Bazar (Dhaka),Dhaka,Rice,Najirshail Rice,Kg,66.76,Medium,2,Sunny,No,No,Sunday,68.15,-2.0,0
Winter,Sylhet,Sylhet,Garlic,Chinese Garlic,Kg,132.78,High,3,Sunny,No,No,Saturday,152.03,-12.7,0
Winter,Karwan Bazar (Dhaka),Dhaka,Potato,Local Potato,Kg,30.76,Medium,2,Sunny,No,No,Tuesday,29.14,5.5,0
Winter,Rajshahi,Rajshahi,Rice,BR-28 Rice,Kg,66.9,Low,1,Sunny,No,Yes,Thursday,65.24,2.5,0
Summer,Barishal,Barishal,Onion,Local Onion,Kg,92.68,High,3,Sunny,No,Yes,Sunday,86.06,7.7,0
Winter,Sylhet,Sylhet,Rice,BR-28 Rice,Kg,60.05,Medium,2,Sunny,Yes,No,Thursday,65.24,-8.0,0
Monsoon,Rajshahi,Rajshahi,Lentil,Local Lentil,Kg,122.94,High,3,Rainy,No,Yes,Thursday,126.51,-2.8,0
Summer,Chattogram,Chattogram,Rice,BR-28 Rice,Kg,66.94,Medium,2,Rainy,Yes,No,Sunday,65.77,1.8,0
Summer,Karwan Bazar (Dhaka),Dhaka,Lentil,Local Lentil,Kg,137.57,Low,1,Flood,Yes,No,Saturday,118.59,16.0,1
Monsoon,Rajshahi,Rajshahi,Onion,Indian Onion,Kg,87.39,Medium,2,Sunny,Yes,No,Friday,91.13,-4.1,0
Summer,Karwan Bazar (Dhaka),Dhaka,Garlic,Local Garlic,Kg,170.14,Medium,2,Rainy,Yes,No,Saturday,150.39,13.1,0
Winter,Barishal,Barishal,Lentil,Imported Lentil,Kg,126.68,Low,1,Sunny,No,No,Saturday,119.0,6.5,0
Monsoon,Khulna,Khulna,Potato,Cold Storage Potato,Kg,35.33,Medium,2,Rainy,No,No,Wednesday,32.63,8.3,0
Summer,Rajshahi,Rajshahi,Edible Oil,Soybean Oil,L,155.37,Medium,2,Rainy,Yes,No,Monday,170.56,-8.9,0
Winter,Sylhet,Sylhet,Garlic,Local Garlic,Kg,159.16,Medium,2,Sunny,No,No,Friday,158.6,0.4,0
Monsoon,Rajshahi,Rajshahi,Garlic,Local Garlic,Kg,159.38,High,3,Sunny,Yes,No,Saturday,158.92,0.3,0
Monsoon,Chattogram,Chattogram,Garlic,Local Garlic,Kg,139.24,High,3,Rainy,No,No,Saturday,158.92,-12.4,0
Summer,Khulna,Khulna,Lentil,Local Lentil,Kg,122.38,Medium,2,Sunny,No,No,Friday,118.59,3.2,0
Monsoon,Sylhet,Sylhet,Rice,Najirshail Rice,Kg,66.05,High,3,Sunny,No,Yes,Sunday,68.15,-3.1,0
Summer,Chattogram,Chattogram,Rice,Miniket Rice,Kg,75.21,Medium,2,Rainy,Yes,No,Monday,65.97,14.0,0
Monsoon,Khulna,Khulna,Lentil,Imported Lentil,Kg,105.33,High,3,Rainy,No,No,Thursday,126.9,-17.0,0
Summer,Karwan Bazar (Dhaka),Dhaka,Edible Oil,Soybean Oil,L,190.05,Low,1,Rainy,No,No,Thursday,170.56,11.4,0
Monsoon,Karwan Bazar (Dhaka),Dhaka,Onion,Local Onion,Kg,98.43,Low,1,Rainy,No,No,Sunday,88.05,11.8,0
Summer,Khulna,Khulna,Rice,BR-28 Rice,Kg,67.42,Medium,2,Rainy,Yes,No,Friday,65.77,2.5,0
Winter,Chattogram,Chattogram,Potato,Local Potato,Kg,28.39,Medium,2,Sunny,Yes,No,Wednesday,29.14,-2.6,0
Summer,Karwan Bazar (Dhaka),Dhaka,Garlic,Local Garlic,Kg,142.25,Low,1,Rainy,Yes,No,Friday,150.39,-5.4,0
Winter,Chattogram,Chattogram,Edible Oil,Palm Oil,L,158.01,Medium,2,Sunny,No,No,Wednesday,167.63,-5.7,0
Monsoon,Rajshahi,Rajshahi,Onion,Indian Onion,Kg,77.63,Medium,2,Rainy,Yes,Yes,Friday,91.13,-14.8,0
Monsoon,Rajshahi,Rajshahi,Lentil,Imported Lentil,Kg,112.91,High,3,Sunny,No,No,Saturday,126.9,-11.0,0
Summer,Karwan Bazar (Dhaka),Dhaka,Lentil,Imported Lentil,Kg,109.24,Medium,2,Sunny,Yes,No,Wednesday,120.06,-9.0,0
Summer,Chattogram,Chattogram,Potato,Cold Storage Potato,Kg,28.46,Medium,2,Sunny,Yes,No,Tuesday,30.5,-6.7,0
Monsoon,Sylhet,Sylhet,Potato,Local Potato,Kg,35.65,Medium,2,Sunny,No,Yes,Friday,33.39,6.8,0
Monsoon,Barishal,Barishal,Onion,Local Onion,Kg,83.28,Low,1,Sunny,Yes,No,Monday,88.05,-5.4,0
Monsoon,Barishal,Barishal,Garlic,Local Garlic,Kg,144.31,Medium,2,Rainy,No,No,Tuesday,158.92,-9.2,0
Summer,Karwan Bazar (Dhaka),Dhaka,Edible Oil,Palm Oil,L,168.88,Medium,2,Sunny,No,No,Tuesday,162.73,3.8,0
Monsoon,Karwan Bazar (Dhaka),Dhaka,Potato,Cold Storage Potato,Kg,29.56,Medium,2,Sunny,No,No,Sunday,32.63,-9.4,0
Monsoon,Barishal,Barishal,Lentil,Local Lentil,Kg,138.25,High,3,Rainy,No,Yes,Saturday,126.51,9.3,0
Winter,Khulna,Khulna,Onion,Indian Onion,Kg,109.96,Low,1,Sunny,No,No,Monday,78.26,40.5,1
Monsoon,Sylhet,Sylhet,Onion,Local Onion,Kg,88.05,Low,1,Rainy,Yes,No,Friday,88.05,0.0,0
Monsoon,Barishal,Barishal,Lentil,Local Lentil,Kg,127.08,Medium,2,Rainy,No,No,Monday,126.51,0.5,0
Monsoon,Barishal,Barishal,Lentil,Local Lentil,Kg,138.7,Low,1,Rainy,No,No,Friday,126.51,9.6,0
Summer,Chattogram,Chattogram,Garlic,Local Garlic,Kg,151.88,Medium,2,Rainy,Yes,No,Tuesday,150.39,1.0,0
Winter,Rajshahi,Rajshahi,Potato,Cold Storage Potato,Kg,27.19,Medium,2,Sunny,Yes,No,Wednesday,31.4,-13.4,0
Summer,Khulna,Khulna,Potato,Local Potato,Kg,26.51,Medium,2,Sunny,No,No,Monday,30.93,-14.3,0
Summer,Chattogram,Chattogram,Lentil,Local Lentil,Kg,132.63,Medium,2,Rainy,No,No,Thursday,118.59,11.8,0
Winter,Chattogram,Chattogram,Rice,Najirshail Rice,Kg,80.0,Low,1,Sunny,No,No,Wednesday,66.68,20.0,1
Summer,Rajshahi,Rajshahi,Lentil,Imported Lentil,Kg,119.1,High,3,Rainy,Yes,No,Saturday,120.06,-0.8,0
Monsoon,Rajshahi,Rajshahi,Onion,Indian Onion,Kg,96.78,Medium,2,Rainy,Yes,No,Friday,91.13,6.2,0
Summer,Karwan Bazar (Dhaka),Dhaka,Rice,BR-28 Rice,Kg,57.94,High,3,Sunny,Yes,No,Saturday,65.77,-11.9,0
Summer,Barishal,Barishal,Lentil,Imported Lentil,Kg,114.1,High,3,Sunny,Yes,No,Thursday,120.06,-5.0,0
Summer,Rajshahi,Rajshahi,Potato,Local Potato,Kg,25.06,High,3,Sunny,Yes,No,Tuesday,30.93,-19.0,0
Monsoon,Karwan Bazar (Dhaka),Dhaka,Rice,Miniket Rice,Kg,78.4,High,3,Rainy,No,Yes,Sunday,70.66,11.0,0
Winter,Chattogram,Chattogram,Rice,Najirshail Rice,Kg,57.54,High,3,Sunny,Yes,No,Sunday,66.68,-13.7,0
Winter,Chattogram,Chattogram,Onion,Indian Onion,Kg,99.25,Low,1,Sunny,Yes,No,Monday,78.26,26.8,1
Summer,Karwan Bazar (Dhaka),Dhaka,Rice,Miniket Rice,Kg,61.28,Medium,2,Sunny,Yes,Yes,Thursday,65.97,-7.1,0
Monsoon,Khulna,Khulna,Lentil,Local Lentil,Kg,133.07,Medium,2,Rainy,No,Yes,Tuesday,126.51,5.2,0
Monsoon,Khulna,Khulna,Garlic,Chinese Garlic,Kg,168.83,Low,1,Rainy,Yes,Yes,Tuesday,166.29,1.5,0
Monsoon,Chattogram,Chattogram,Lentil,Local Lentil,Kg,112.81,Low,1,Sunny,Yes,No,Sunday,126.51,-10.8,0
Monsoon,Rajshahi,Rajshahi,Edible Oil,Soybean Oil,L,194.39,Medium,2,Rainy,No,Yes,Friday,178.49,8.9,0
Monsoon,Karwan Bazar (Dhaka),Dhaka,Lentil,Local Lentil,Kg,115.32,High,3,Rainy,Yes,Yes,Friday,126.51,-8.8,0
Summer,Khulna,Khulna,Edible Oil,Palm Oil,L,188.42,Low,1,Sunny,Yes,Yes,Wednesday,162.73,15.8,1
Monsoon,Karwan Bazar (Dhaka),Dhaka,Edible Oil,Soybean Oil,L,200.0,Low,1,Flood,No,No,Thursday,178.49,12.1,0
Winter,Sylhet,Sylhet,Potato,Local Potato,Kg,31.15,Low,1,Rainy,Yes,No,Tuesday,29.14,6.9,0
Winter,Chattogram,Chattogram,Edible Oil,Soybean Oil,L,161.22,Medium,2,Sunny,Yes,No,Friday,168.34,-4.2,0
Winter,Karwan Bazar (Dhaka),Dhaka,Rice,BR-28 Rice,Kg,71.16,Low,1,Sunny,No,No,Tuesday,65.24,9.1,0
Monsoon,Karwan Bazar (Dhaka),Dhaka,Rice,Najirshail Rice,Kg,67.98,Medium,2,Sunny,No,No,Monday,68.15,-0.2,0
Winter,Rajshahi,Rajshahi,Potato,Cold Storage Potato,Kg,28.21,Medium,2,Sunny,No,No,Thursday,31.4,-10.2,0
Monsoon,Sylhet,Sylhet,Lentil,Imported Lentil,Kg,130.33,Medium,2,Flood,Yes,No,Saturday,126.9,2.7,0
Monsoon,Chattogram,Chattogram,Potato,Local Potato,Kg,35.01,Low,1,Flood,No,No,Monday,33.39,4.9,0
Summer,Karwan Bazar (Dhaka),Dhaka,Rice,Najirshail Rice,Kg,78.97,Low,1,Sunny,Yes,No,Friday,65.16,21.2,1
Winter,Karwan Bazar (Dhaka),Dhaka,Edible Oil,Soybean Oil,L,166.22,Low,1,Sunny,No,No,Wednesday,168.34,-1.3,0
Winter,Sylhet,Sylhet,Onion,Local Onion,Kg,92.84,Medium,2,Sunny,No,No,Sunday,82.04,13.2,0
Summer,Karwan Bazar (Dhaka),Dhaka,Edible Oil,Palm Oil,L,185.89,Medium,2,Rainy,Yes,Yes,Tuesday,162.73,14.2,0
Summer,Barishal,Barishal,Lentil,Local Lentil,Kg,122.56,High,3,Sunny,No,No,Friday,118.59,3.3,0
Monsoon,Karwan Bazar (Dhaka),Dhaka,Onion,Local Onion,Kg,110.64,Low,1,Flood,Yes,Yes,Tuesday,88.05,25.7,1
Monsoon,Khulna,Khulna,Lentil,Imported Lentil,Kg,135.9,High,3,Flood,No,No,Thursday,126.9,7.1,0
Summer,Karwan Bazar (Dhaka),Dhaka,Edible Oil,Palm Oil,L,135.01,Medium,2,Sunny,Yes,No,Monday,162.73,-17.0,0
Winter,Karwan Bazar (Dhaka),Dhaka,Onion,Local Onion,Kg,83.22,Medium,2,Sunny,Yes,No,Wednesday,82.04,1.4,0
Monsoon,Karwan Bazar (Dhaka),Dhaka,Potato,Local Potato,Kg,38.74,Medium,2,Rainy,No,Yes,Tuesday,33.39,16.0,1
Winter,Khulna,Khulna,Rice,Miniket Rice,Kg,70.18,Medium,2,Sunny,Yes,No,Sunday,67.13,4.5,0
Winter,Rajshahi,Rajshahi,Garlic,Chinese Garlic,Kg,200.0,Medium,2,Sunny,No,No,Thursday,152.03,31.6,1
Monsoon,Barishal,Barishal,Rice,Miniket Rice,Kg,80.0,Low,1,Rainy,No,Yes,Thursday,70.66,13.2,0
Summer,Chattogram,Chattogram,Lentil,Local Lentil,Kg,138.24,Medium,2,Rainy,No,Yes,Wednesday,118.59,16.6,1
Summer,Chattogram,Chattogram,Onion,Indian Onion,Kg,72.65,Medium,2,Sunny,Yes,No,Tuesday,83.41,-12.9,0
Monsoon,Karwan Bazar (Dhaka),Dhaka,Garlic,Local Garlic,Kg,199.03,Low,1,Rainy,No,No,Thursday,158.92,25.2,1
Winter,Karwan Bazar (Dhaka),Dhaka,Lentil,Local Lentil,Kg,122.7,Medium,2,Rainy,No,No,Thursday,116.32,5.5,0
Monsoon,Karwan Bazar (Dhaka),Dhaka,Potato,Local Potato,Kg,40.0,Low,1,Flood,No,Yes,Wednesday,33.39,19.8,1
Monsoon,Karwan Bazar (Dhaka),Dhaka,Rice,Miniket Rice,Kg,68.19,Low,1,Sunny,Yes,Yes,Thursday,70.66,-3.5,0
Monsoon,Sylhet,Sylhet,Edible Oil,Soybean Oil,L,200.0,Low,1,Rainy,No,Yes,Saturday,178.49,12.1,0
Monsoon,Khulna,Khulna,Potato,Cold Storage Potato,Kg,39.1,Medium,2,Rainy,No,Yes,Monday,32.63,19.8,1
Summer,Khulna,Khulna,Edible Oil,Palm Oil,L,133.36,High,3,Sunny,Yes,No,Sunday,162.73,-18.0,0
Monsoon,Barishal,Barishal,Onion,Local Onion,Kg,85.57,Medium,2,Rainy,No,No,Saturday,88.05,-2.8,0
Summer,Chattogram,Chattogram,Rice,BR-28 Rice,Kg,59.39,Medium,2,Rainy,Yes,No,Monday,65.77,-9.7,0
Monsoon,Rajshahi,Rajshahi,Rice,Miniket Rice,Kg,61.31,High,3,Sunny,No,No,Monday,70.66,-13.2,0
Summer,Sylhet,Sylhet,Potato,Local Potato,Kg,33.73,Low,1,Sunny,Yes,No,Friday,30.93,9.1,0
Summer,Chattogram,Chattogram,Rice,BR-28 Rice,Kg,70.67,Medium,2,Sunny,No,No,Monday,65.77,7.5,0
Winter,Sylhet,Sylhet,Rice,Miniket Rice,Kg,62.46,High,3,Sunny,Yes,No,Saturday,67.13,-7.0,0
Monsoon,Sylhet,Sylhet,Onion,Indian Onion,Kg,92.82,High,3,Sunny,No,No,Sunday,91.13,1.9,0
Monsoon,Barishal,Barishal,Rice,Najirshail Rice,Kg,71.02,Low,1,Rainy,Yes,No,Wednesday,68.15,4.2,0
Summer,Khulna,Khulna,Rice,Miniket Rice,Kg,72.14,Low,1,Rainy,Yes,Yes,Sunday,65.97,9.4,0
Summer,Sylhet,Sylhet,Rice,Miniket Rice,Kg,61.25,Medium,2,Sunny,Yes,No,Monday,65.97,-7.2,0
Monsoon,Barishal,Barishal,Potato,Cold Storage Potato,Kg,31.27,High,3,Rainy,No,No,Tuesday,32.63,-4.2,0
Summer,Chattogram,Chattogram,Lentil,Imported Lentil,Kg,133.69,Low,1,Sunny,No,No,Sunday,120.06,11.4,0
Winter,Sylhet,Sylhet,Lentil,Imported Lentil,Kg,140.0,Medium,2,Rainy,No,Yes,Sunday,119.0,17.6,1
Winter,Barishal,Barishal,Onion,Local Onion,Kg,97.65,High,3,Sunny,No,Yes,Sunday,82.04,19.0,1
Summer,Chattogram,Chattogram,Garlic,Local Garlic,Kg,151.42,Medium,2,Sunny,No,No,Monday,150.39,0.7,0
Monsoon,Khulna,Khulna,Potato,Cold Storage Potato,Kg,34.43,Low,1,Sunny,No,No,Saturday,32.63,5.5,0
Summer,Khulna,Khulna,Rice,BR-28 Rice,Kg,64.06,High,3,Sunny,Yes,No,Thursday,65.77,-2.6,0
Winter,Khulna,Khulna,Onion,Local Onion,Kg,74.15,Medium,2,Sunny,Yes,Yes,Saturday,82.04,-9.6,0
Winter,Khulna,Khulna,Edible Oil,Soybean Oil,L,175.72,Low,1,Sunny,No,No,Saturday,168.34,4.4,0
Summer,Chattogram,Chattogram,Onion,Local Onion,Kg,73.24,Low,1,Sunny,Yes,No,Tuesday,86.06,-14.9,0
Monsoon,Chattogram,Chattogram,Lentil,Imported Lentil,Kg,133.78,Medium,2,Rainy,No,No,Wednesday,126.9,5.4,0
Summer,Khulna,Khulna,Edible Oil,Palm Oil,L,186.78,Medium,2,Sunny,No,Yes,Friday,162.73,14.8,0
Summer,Chattogram,Chattogram,Onion,Local Onion,Kg,94.2,Low,1,Sunny,No,Yes,Thursday,86.06,9.5,0
Summer,Karwan Bazar (Dhaka),Dhaka,Garlic,Chinese Garlic,Kg,166.61,Medium,2,Sunny,No,No,Friday,151.19,10.2,0
Monsoon,Sylhet,Sylhet,Edible Oil,Palm Oil,L,183.37,Medium,2,Sunny,No,No,Tuesday,176.57,3.9,0
Monsoon,Karwan Bazar (Dhaka),Dhaka,Potato,Local Potato,Kg,31.06,Medium,2,Rainy,Yes,No,Monday,33.39,-7.0,0
Summer,Rajshahi,Rajshahi,Edible Oil,Palm Oil,L,200.0,Low,1,Rainy,No,Yes,Sunday,162.73,22.9,1
Monsoon,Barishal,Barishal,Onion,Local Onion,Kg,114.98,Low,1,Sunny,No,No,Saturday,88.05,30.6,1
Monsoon,Rajshahi,Rajshahi,Potato,Cold Storage Potato,Kg,34.06,Medium,2,Rainy,No,No,Sunday,32.63,4.4,0
Winter,Khulna,Khulna,Rice,Miniket Rice,Kg,66.92,Medium,2,Sunny,Yes,No,Friday,67.13,-0.3,0
Summer,Karwan Bazar (Dhaka),Dhaka,Garlic,Chinese Garlic,Kg,147.4,High,3,Sunny,No,No,Tuesday,151.19,-2.5,0
Summer,Sylhet,Sylhet,Rice,BR-28 Rice,Kg,65.77,High,3,Sunny,Yes,No,Thursday,65.77,0.0,0
Monsoon,Rajshahi,Rajshahi,Garlic,Chinese Garlic,Kg,132.29,Medium,2,Sunny,Yes,No,Tuesday,166.29,-20.4,0
Summer,Khulna,Khulna,Lentil,Imported Lentil,Kg,129.12,Medium,2,Sunny,No,Yes,Sunday,120.06,7.5,0
Winter,Rajshahi,Rajshahi,Onion,Local Onion,Kg,59.03,High,3,Sunny,Yes,No,Saturday,82.04,-28.0,0
Monsoon,Rajshahi,Rajshahi,Rice,Miniket Rice,Kg,63.59,High,3,Sunny,No,No,Tuesday,70.66,-10.0,0
Winter,Khulna,Khulna,Rice,BR-28 Rice,Kg,58.19,High,3,Sunny,Yes,No,Friday,65.24,-10.8,0
Summer,Karwan Bazar (Dhaka),Dhaka,Edible Oil,Palm Oil,L,179.42,Medium,2,Rainy,No,No,Saturday,162.73,10.3,0
Summer,Karwan Bazar (Dhaka),Dhaka,Onion,Local Onion,Kg,74.29,Medium,2,Rainy,Yes,No,Friday,86.06,-13.7,0
Summer,Khulna,Khulna,Onion,Local Onion,Kg,82.85,Medium,2,Sunny,No,No,Wednesday,86.06,-3.7,0
Monsoon,Sylhet,Sylhet,Onion,Indian Onion,Kg,99.82,Low,1,Rainy,No,No,Friday,91.13,9.5,0
Winter,Rajshahi,Rajshahi,Rice,Miniket Rice,Kg,53.61,Medium,2,Sunny,Yes,No,Saturday,67.13,-20.1,0
Summer,Chattogram,Chattogram,Rice,BR-28 Rice,Kg,66.86,Medium,2,Rainy,Yes,Yes,Tuesday,65.77,1.7,0
Summer,Karwan Bazar (Dhaka),Dhaka,Onion,Indian Onion,Kg,87.24,Medium,2,Sunny,Yes,No,Friday,83.41,4.6,0
Monsoon,Chattogram,Chattogram,Onion,Indian Onion,Kg,87.44,Low,1,Flood,No,Yes,Tuesday,91.13,-4.0,0
Winter,Barishal,Barishal,Rice,Miniket Rice,Kg,67.92,Medium,2,Rainy,Yes,No,Thursday,67.13,1.2,0
Summer,Karwan Bazar (Dhaka),Dhaka,Rice,Miniket Rice,Kg,69.42,Medium,2,Sunny,No,Yes,Friday,65.97,5.2,0
Summer,Karwan Bazar (Dhaka),Dhaka,Edible Oil,Palm Oil,L,168.06,Medium,2,Rainy,No,No,Thursday,162.73,3.3,0
Summer,Chattogram,Chattogram,Rice,Miniket Rice,Kg,67.52,Low,1,Sunny,Yes,No,Wednesday,65.97,2.3,0
Monsoon,Karwan Bazar (Dhaka),Dhaka,Edible Oil,Palm Oil,L,176.57,Low,1,Rainy,No,No,Sunday,176.57,0.0,0
Monsoon,Karwan Bazar (Dhaka),Dhaka,Lentil,Imported Lentil,Kg,121.28,Medium,2,Rainy,No,Yes,Saturday,126.9,-4.4,0
Monsoon,Sylhet,Sylhet,Edible Oil,Palm Oil,L,157.67,High,3,Rainy,Yes,No,Saturday,176.57,-10.7,0
Monsoon,Chattogram,Chattogram,Edible Oil,Soybean Oil,L,141.62,Medium,2,Rainy,No,No,Thursday,178.49,-20.7,0
Winter,Chattogram,Chattogram,Potato,Cold Storage Potato,Kg,28.81,Medium,2,Sunny,No,No,Friday,31.4,-8.2,0
Winter,Karwan Bazar (Dhaka),Dhaka,Rice,BR-28 Rice,Kg,58.13,High,3,Sunny,Yes,No,Monday,65.24,-10.9,0
Monsoon,Karwan Bazar (Dhaka),Dhaka,Potato,Local Potato,Kg,24.57,High,3,Rainy,Yes,No,Friday,33.39,-26.4,0
Winter,Rajshahi,Rajshahi,Rice,Najirshail Rice,Kg,57.98,High,3,Sunny,Yes,No,Sunday,66.68,-13.0,0
Winter,Chattogram,Chattogram,Rice,Najirshail Rice,Kg,61.01,High,3,Sunny,Yes,No,Sunday,66.68,-8.5,0
Monsoon,Barishal,Barishal,Garlic,Chinese Garlic,Kg,156.95,Medium,2,Rainy,No,Yes,Thursday,166.29,-5.6,0
Summer,Sylhet,Sylhet,Edible Oil,Palm Oil,L,179.56,Medium,2,Rainy,No,No,Monday,162.73,10.3,0
Winter,Sylhet,Sylhet,Potato,Cold Storage Potato,Kg,26.48,High,3,Sunny,Yes,No,Sunday,31.4,-15.7,0
Summer,Rajshahi,Rajshahi,Rice,Najirshail Rice,Kg,65.25,Medium,2,Sunny,Yes,No,Wednesday,65.16,0.1,0
Monsoon,Sylhet,Sylhet,Onion,Local Onion,Kg,85.56,Medium,2,Sunny,No,No,Wednesday,88.05,-2.8,0
Monsoon,Khulna,Khulna,Onion,Local Onion,Kg,92.82,Low,1,Rainy,No,No,Sunday,88.05,5.4,0
Monsoon,Karwan Bazar (Dhaka),Dhaka,Potato,Local Potato,Kg,35.33,Medium,2,Rainy,Yes,Yes,Wednesday,33.39,5.8,0
Summer,Sylhet,Sylhet,Edible Oil,Soybean Oil,L,180.48,High,3,Rainy,No,No,Tuesday,170.56,5.8,0
Monsoon,Chattogram,Chattogram,Onion,Local Onion,Kg,99.94,Medium,2,Rainy,No,No,Saturday,88.05,13.5,0
Summer,Karwan Bazar (Dhaka),Dhaka,Rice,Najirshail Rice,Kg,80.0,Medium,2,Sunny,No,No,Wednesday,65.16,22.8,1
Monsoon,Chattogram,Chattogram,Edible Oil,Palm Oil,L,186.56,Medium,2,Rainy,No,No,Monday,176.57,5.7,0
Monsoon,Karwan Bazar (Dhaka),Dhaka,Onion,Local Onion,Kg,107.31,High,3,Rainy,No,No,Sunday,88.05,21.9,1
Summer,Barishal,Barishal,Potato,Local Potato,Kg,29.16,Medium,2,Rainy,Yes,No,Monday,30.93,-5.7,0
Monsoon,Chattogram,Chattogram,Potato,Cold Storage Potato,Kg,27.89,High,3,Sunny,Yes,No,Sunday,32.63,-14.5,0
Winter,Sylhet,Sylhet,Lentil,Imported Lentil,Kg,107.49,Medium,2,Sunny,Yes,No,Thursday,119.0,-9.7,0
Winter,Khulna,Khulna,Rice,Najirshail Rice,Kg,72.77,High,3,Sunny,No,No,Saturday,66.68,9.1,0
Winter,Barishal,Barishal,Onion,Indian Onion,Kg,103.21,High,3,Sunny,Yes,Yes,Friday,78.26,31.9,1
Winter,Khulna,Khulna,Onion,Local Onion,Kg,93.59,High,3,Sunny,No,Yes,Thursday,82.04,14.1,0
Summer,Barishal,Barishal,Rice,Miniket Rice,Kg,60.78,Medium,2,Sunny,Yes,No,Friday,65.97,-7.9,0
Winter,Karwan Bazar (Dhaka),Dhaka,Potato,Local Potato,Kg,32.12,Medium,2,Sunny,No,No,Wednesday,29.14,10.2,0
Winter,Karwan Bazar (Dhaka),Dhaka,Edible Oil,Soybean Oil,L,162.2,Medium,2,Sunny,No,No,Saturday,168.34,-3.6,0
Monsoon,Karwan Bazar (Dhaka),Dhaka,Edible Oil,Soybean Oil,L,168.47,Medium,2,Rainy,No,No,Monday,178.49,-5.6,0
Monsoon,Chattogram,Chattogram,Garlic,Chinese Garlic,Kg,174.47,High,3,Rainy,No,No,Sunday,166.29,4.9,0
Monsoon,Karwan Bazar (Dhaka),Dhaka,Garlic,Local Garlic,Kg,160.15,Low,1,Sunny,No,No,Wednesday,158.92,0.8,0
Summer,Chattogram,Chattogram,Onion,Indian Onion,Kg,99.28,High,3,Rainy,Yes,No,Wednesday,83.41,19.0,1
Summer,Khulna,Khulna,Garlic,Local Garlic,Kg,175.7,Low,1,Rainy,Yes,No,Tuesday,150.39,16.8,1
Summer,Barishal,Barishal,Edible Oil,Soybean Oil,L,156.16,Medium,2,Sunny,Yes,No,Friday,170.56,-8.4,0
Monsoon,Barishal,Barishal,Onion,Local Onion,Kg,115.9,Medium,2,Rainy,No,No,Sunday,88.05,31.6,1
Monsoon,Chattogram,Chattogram,Garlic,Chinese Garlic,Kg,166.2,Medium,2,Sunny,No,Yes,Tuesday,166.29,-0.1,0
Winter,Khulna,Khulna,Garlic,Chinese Garlic,Kg,178.59,Medium,2,Sunny,No,No,Saturday,152.03,17.5,1
Monsoon,Karwan Bazar (Dhaka),Dhaka,Potato,Local Potato,Kg,34.5,Medium,2,Rainy,No,No,Friday,33.39,3.3,0
Summer,Karwan Bazar (Dhaka),Dhaka,Garlic,Local Garlic,Kg,155.91,Medium,2,Sunny,Yes,No,Saturday,150.39,3.7,0
Summer,Khulna,Khulna,Potato,Cold Storage Potato,Kg,33.27,Low,1,Sunny,No,No,Thursday,30.5,9.1,0
Winter,Chattogram,Chattogram,Potato,Local Potato,Kg,27.89,High,3,Sunny,Yes,No,Sunday,29.14,-4.3,0
Monsoon,Karwan Bazar (Dhaka),Dhaka,Lentil,Local Lentil,Kg,115.79,Medium,2,Rainy,No,No,Thursday,126.51,-8.5,0
Summer,Khulna,Khulna,Edible Oil,Palm Oil,L,161.19,Medium,2,Sunny,No,Yes,Sunday,162.73,-0.9,0
Winter,Chattogram,Chattogram,Potato,Cold Storage Potato,Kg,25.46,Medium,2,Sunny,Yes,No,Sunday,31.4,-18.9,0
Winter,Karwan Bazar (Dhaka),Dhaka,Garlic,Chinese Garlic,Kg,118.86,Medium,2,Sunny,Yes,No,Wednesday,152.03,-21.8,0
Monsoon,Barishal,Barishal,Garlic,Chinese Garlic,Kg,179.94,Medium,2,Flood,Yes,Yes,Wednesday,166.29,8.2,0
Monsoon,Rajshahi,Rajshahi,Garlic,Local Garlic,Kg,172.83,Medium,2,Rainy,No,No,Friday,158.92,8.8,0
Winter,Barishal,Barishal,Potato,Local Potato,Kg,27.27,Medium,2,Sunny,Yes,No,Sunday,29.14,-6.4,0
Monsoon,Chattogram,Chattogram,Potato,Cold Storage Potato,Kg,37.83,High,3,Rainy,No,No,Tuesday,32.63,15.9,1
Monsoon,Rajshahi,Rajshahi,Edible Oil,Palm Oil,L,129.26,High,3,Sunny,No,No,Tuesday,176.57,-26.8,0
Monsoon,Rajshahi,Rajshahi,Onion,Local Onion,Kg,63.53,Medium,2,Sunny,Yes,No,Tuesday,88.05,-27.8,0
Winter,Khulna,Khulna,Onion,Local Onion,Kg,74.93,Medium,2,Sunny,No,No,Tuesday,82.04,-8.7,0
Monsoon,Barishal,Barishal,Rice,Najirshail Rice,Kg,66.21,High,3,Rainy,No,No,Sunday,68.15,-2.8,0
Winter,Sylhet,Sylhet,Garlic,Local Garlic,Kg,183.03,Medium,2,Sunny,No,No,Wednesday,158.6,15.4,1
Summer,Karwan Bazar (Dhaka),Dhaka,Edible Oil,Soybean Oil,L,154.69,High,3,Sunny,No,No,Wednesday,170.56,-9.3,0
Winter,Khulna,Khulna,Garlic,Local Garlic,Kg,139.53,Medium,2,Sunny,No,No,Tuesday,158.6,-12.0,0
Monsoon,Khulna,Khulna,Rice,Miniket Rice,Kg,60.67,Low,1,Rainy,Yes,No,Monday,70.66,-14.1,0
Monsoon,Karwan Bazar (Dhaka),Dhaka,Potato,Local Potato,Kg,32.6,High,3,Rainy,Yes,No,Thursday,33.39,-2.4,0
Summer,Chattogram,Chattogram,Garlic,Chinese Garlic,Kg,127.9,High,3,Rainy,Yes,No,Tuesday,151.19,-15.4,0
Monsoon,Karwan Bazar (Dhaka),Dhaka,Lentil,Local Lentil,Kg,121.13,Medium,2,Rainy,Yes,No,Monday,126.51,-4.3,0
Winter,Khulna,Khulna,Rice,Najirshail Rice,Kg,60.67,High,3,Sunny,No,No,Tuesday,66.68,-9.0,0
Monsoon,Karwan Bazar (Dhaka),Dhaka,Potato,Cold Storage Potato,Kg,32.47,Low,1,Rainy,Yes,No,Saturday,32.63,-0.5,0
Monsoon,Karwan Bazar (Dhaka),Dhaka,Onion,Local Onion,Kg,85.94,Low,1,Rainy,No,No,Wednesday,88.05,-2.4,0
Summer,Barishal,Barishal,Onion,Indian Onion,Kg,80.02,Medium,2,Sunny,Yes,Yes,Sunday,83.41,-4.1,0
Winter,Chattogram,Chattogram,Potato,Cold Storage Potato,Kg,32.37,Medium,2,Sunny,No,No,Monday,31.4,3.1,0
Summer,Barishal,Barishal,Rice,Najirshail Rice,Kg,60.46,Medium,2,Rainy,Yes,No,Sunday,65.16,-7.2,0
Summer,Rajshahi,Rajshahi,Edible Oil,Palm Oil,L,160.32,High,3,Sunny,No,No,Saturday,162.73,-1.5,0
Winter,Chattogram,Chattogram,Potato,Local Potato,Kg,40.0,Medium,2,Flood,No,No,Tuesday,29.14,37.2,1
Monsoon,Karwan Bazar (Dhaka),Dhaka,Potato,Cold Storage Potato,Kg,25.62,High,3,Rainy,No,No,Sunday,32.63,-21.5,0
Summer,Barishal,Barishal,Edible Oil,Palm Oil,L,187.49,Low,1,Rainy,No,No,Saturday,162.73,15.2,1
Monsoon,Karwan Bazar (Dhaka),Dhaka,Lentil,Local Lentil,Kg,133.13,Medium,2,Rainy,No,No,Saturday,126.51,5.2,0
Winter,Rajshahi,Rajshahi,Onion,Local Onion,Kg,99.88,Medium,2,Sunny,No,No,Saturday,82.04,21.7,1
Monsoon,Rajshahi,Rajshahi,Onion,Local Onion,Kg,106.26,Medium,2,Flood,No,No,Wednesday,88.05,20.7,1
Monsoon,Karwan Bazar (Dhaka),Dhaka,Lentil,Imported Lentil,Kg,126.0,Medium,2,Rainy,No,Yes,Saturday,126.9,-0.7,0
Monsoon,Rajshahi,Rajshahi,Onion,Local Onion,Kg,118.35,Low,1,Sunny,No,Yes,Friday,88.05,34.4,1
Monsoon,Karwan Bazar (Dhaka),Dhaka,Onion,Local Onion,Kg,60.46,High,3,Sunny,Yes,No,Sunday,88.05,-31.3,0
Summer,Chattogram,Chattogram,Rice,BR-28 Rice,Kg,65.35,High,3,Sunny,No,No,Monday,65.77,-0.6,0
Summer,Barishal,Barishal,Potato,Local Potato,Kg,36.29,Medium,2,Rainy,Yes,Yes,Saturday,30.93,17.3,1
Winter,Khulna,Khulna,Garlic,Local Garlic,Kg,141.68,Medium,2,Sunny,No,No,Monday,158.6,-10.7,0
Winter,Sylhet,Sylhet,Onion,Local Onion,Kg,97.64,Low,1,Rainy,Yes,Yes,Sunday,82.04,19.0,1
Winter,Karwan Bazar (Dhaka),Dhaka,Garlic,Chinese Garlic,Kg,192.6,Low,1,Sunny,No,No,Thursday,152.03,26.7,1
Monsoon,Chattogram,Chattogram,Lentil,Local Lentil,Kg,127.14,High,3,Rainy,No,Yes,Monday,126.51,0.5,0
Monsoon,Rajshahi,Rajshahi,Garlic,Local Garlic,Kg,166.18,High,3,Sunny,No,Yes,Thursday,158.92,4.6,0
Monsoon,Khulna,Khulna,Potato,Local Potato,Kg,33.39,Medium,2,Rainy,No,Yes,Friday,33.39,0.0,0
Monsoon,Chattogram,Chattogram,Potato,Cold Storage Potato,Kg,34.37,Medium,2,Rainy,No,No,Sunday,32.63,5.3,0
Monsoon,Barishal,Barishal,Garlic,Local Garlic,Kg,147.58,Medium,2,Sunny,No,No,Monday,158.92,-7.1,0
Summer,Khulna,Khulna,Garlic,Local Garlic,Kg,163.41,Medium,2,Sunny,No,No,Wednesday,150.39,8.7,0
Winter,Rajshahi,Rajshahi,Rice,Najirshail Rice,Kg,67.95,Medium,2,Sunny,Yes,Yes,Saturday,66.68,1.9,0
Monsoon,Rajshahi,Rajshahi,Lentil,Local Lentil,Kg,132.67,Low,1,Rainy,No,Yes,Wednesday,126.51,4.9,0
Summer,Chattogram,Chattogram,Garlic,Local Garlic,Kg,133.36,High,3,Sunny,No,No,Monday,150.39,-11.3,0
Monsoon,Khulna,Khulna,Rice,Miniket Rice,Kg,61.61,Medium,2,Sunny,No,No,Sunday,70.66,-12.8,0
Summer,Sylhet,Sylhet,Potato,Local Potato,Kg,23.51,High,3,Sunny,Yes,No,Tuesday,30.93,-24.0,0
Summer,Chattogram,Chattogram,Potato,Cold Storage Potato,Kg,35.63,Low,1,Sunny,No,No,Sunday,30.5,16.8,1
Winter,Chattogram,Chattogram,Garlic,Chinese Garlic,Kg,125.74,Medium,2,Sunny,No,No,Thursday,152.03,-17.3,0
Monsoon,Khulna,Khulna,Lentil,Local Lentil,Kg,131.65,Low,1,Sunny,Yes,Yes,Monday,126.51,4.1,0
Monsoon,Khulna,Khulna,Edible Oil,Palm Oil,L,153.65,Medium,2,Sunny,No,No,Monday,176.57,-13.0,0
Monsoon,Karwan Bazar (Dhaka),Dhaka,Potato,Cold Storage Potato,Kg,29.3,Medium,2,Rainy,No,No,Sunday,32.63,-10.2,0
Summer,Karwan Bazar (Dhaka),Dhaka,Potato,Local Potato,Kg,31.91,Medium,2,Sunny,No,No,Sunday,30.93,3.2,0
Monsoon,Karwan Bazar (Dhaka),Dhaka,Rice,Najirshail Rice,Kg,62.81,Medium,2,Sunny,Yes,No,Wednesday,68.15,-7.8,0
Monsoon,Karwan Bazar (Dhaka),Dhaka,Garlic,Local Garlic,Kg,188.84,Low,1,Rainy,No,Yes,Thursday,158.92,18.8,1
Monsoon,Chattogram,Chattogram,Onion,Local Onion,Kg,94.1,Low,1,Sunny,Yes,No,Saturday,88.05,6.9,0
Winter,Rajshahi,Rajshahi,Garlic,Local Garlic,Kg,136.99,High,3,Rainy,Yes,No,Thursday,158.6,-13.6,0
Summer,Barishal,Barishal,Edible Oil,Palm Oil,L,189.52,Medium,2,Sunny,No,No,Sunday,162.73,16.5,1
Monsoon,Karwan Bazar (Dhaka),Dhaka,Rice,Miniket Rice,Kg,80.0,Low,1,Rainy,No,No,Wednesday,70.66,13.2,0
Winter,Chattogram,Chattogram,Edible Oil,Palm Oil,L,200.0,Low,1,Sunny,No,Yes,Friday,167.63,19.3,1
Summer,Karwan Bazar (Dhaka),Dhaka,Rice,Najirshail Rice,Kg,63.62,Medium,2,Sunny,No,No,Sunday,65.16,-2.4,0
Winter,Karwan Bazar (Dhaka),Dhaka,Edible Oil,Soybean Oil,L,155.83,Low,1,Sunny,Yes,No,Sunday,168.34,-7.4,0
Winter,Rajshahi,Rajshahi,Onion,Local Onion,Kg,74.65,Medium,2,Rainy,No,No,Thursday,82.04,-9.0,0
Winter,Karwan Bazar (Dhaka),Dhaka,Edible Oil,Palm Oil,L,157.52,Medium,2,Sunny,No,No,Sunday,167.63,-6.0,0
Monsoon,Karwan Bazar (Dhaka),Dhaka,Onion,Local Onion,Kg,62.8,High,3,Sunny,Yes,No,Monday,88.05,-28.7,0
Monsoon,Barishal,Barishal,Garlic,Chinese Garlic,Kg,179.21,Medium,2,Rainy,No,No,Tuesday,166.29,7.8,0
Winter,Karwan Bazar (Dhaka),Dhaka,Potato,Local Potato,Kg,33.02,Medium,2,Sunny,No,No,Tuesday,29.14,13.3,0
Monsoon,Sylhet,Sylhet,Rice,BR-28 Rice,Kg,80.0,Medium,2,Rainy,No,Yes,Friday,71.77,11.5,0
Monsoon,Khulna,Khulna,Garlic,Chinese Garlic,Kg,137.61,High,3,Sunny,No,No,Monday,166.29,-17.2,0
Summer,Rajshahi,Rajshahi,Garlic,Chinese Garlic,Kg,181.4,Medium,2,Sunny,No,Yes,Friday,151.19,20.0,1
Winter,Karwan Bazar (Dhaka),Dhaka,Potato,Cold Storage Potato,Kg,33.11,High,3,Rainy,No,No,Friday,31.4,5.4,0
Summer,Karwan Bazar (Dhaka),Dhaka,Garlic,Chinese Garlic,Kg,157.2,Medium,2,Rainy,Yes,No,Monday,151.19,4.0,0
Monsoon,Karwan Bazar (Dhaka),Dhaka,Lentil,Imported Lentil,Kg,107.45,High,3,Rainy,No,No,Thursday,126.9,-15.3,0
Summer,Rajshahi,Rajshahi,Lentil,Imported Lentil,Kg,119.98,High,3,Rainy,Yes,No,Monday,120.06,-0.1,0
Monsoon,Khulna,Khulna,Edible Oil,Palm Oil,L,162.62,High,3,Rainy,No,No,Sunday,176.57,-7.9,0
Summer,Rajshahi,Rajshahi,Onion,Indian Onion,Kg,104.52,Low,1,Rainy,Yes,Yes,Sunday,83.41,25.3,1
Monsoon,Khulna,Khulna,Onion,Indian Onion,Kg,86.99,Medium,2,Rainy,No,No,Tuesday,91.13,-4.5,0
Monsoon,Karwan Bazar (Dhaka),Dhaka,Lentil,Imported Lentil,Kg,128.63,Low,1,Flood,No,No,Monday,126.9,1.4,0
Summer,Rajshahi,Rajshahi,Onion,Local Onion,Kg,95.59,Medium,2,Sunny,No,No,Saturday,86.06,11.1,0
Summer,Karwan Bazar (Dhaka),Dhaka,Onion,Indian Onion,Kg,84.76,Low,1,Sunny,No,No,Sunday,83.41,1.6,0
Summer,Karwan Bazar (Dhaka),Dhaka,Edible Oil,Soybean Oil,L,156.3,High,3,Sunny,Yes,Yes,Thursday,170.56,-8.4,0
Monsoon,Karwan Bazar (Dhaka),Dhaka,Lentil,Local Lentil,Kg,112.33,Medium,2,Rainy,Yes,No,Monday,126.51,-11.2,0
Monsoon,Chattogram,Chattogram,Edible Oil,Palm Oil,L,194.51,Medium,2,Rainy,No,No,Friday,176.57,10.2,0
Summer,Sylhet,Sylhet,Onion,Indian Onion,Kg,114.31,Medium,2,Rainy,No,Yes,Saturday,83.41,37.0,1
Monsoon,Chattogram,Chattogram,Rice,Najirshail Rice,Kg,65.74,High,3,Rainy,Yes,No,Monday,68.15,-3.5,0
Monsoon,Karwan Bazar (Dhaka),Dhaka,Garlic,Local Garlic,Kg,181.7,Low,1,Flood,Yes,No,Wednesday,158.92,14.3,0
Winter,Karwan Bazar (Dhaka),Dhaka,Onion,Local Onion,Kg,101.79,Low,1,Rainy,Yes,Yes,Thursday,82.04,24.1,1
Monsoon,Karwan Bazar (Dhaka),Dhaka,Rice,BR-28 Rice,Kg,64.52,High,3,Rainy,Yes,No,Saturday,71.77,-10.1,0
Monsoon,Rajshahi,Rajshahi,Onion,Local Onion,Kg,78.46,Medium,2,Rainy,No,No,Tuesday,88.05,-10.9,0
Monsoon,Khulna,Khulna,Rice,Miniket Rice,Kg,66.25,Medium,2,Sunny,No,No,Friday,70.66,-6.2,0
Monsoon,Karwan Bazar (Dhaka),Dhaka,Garlic,Local Garlic,Kg,154.18,Medium,2,Rainy,Yes,No,Saturday,158.92,-3.0,0
Winter,Sylhet,Sylhet,Garlic,Chinese Garlic,Kg,114.03,Medium,2,Sunny,No,No,Sunday,152.03,-25.0,0
Summer,Karwan Bazar (Dhaka),Dhaka,Onion,Indian Onion,Kg,107.22,Low,1,Rainy,Yes,No,Monday,83.41,28.5,1
Summer,Rajshahi,Rajshahi,Edible Oil,Soybean Oil,L,166.19,Medium,2,Rainy,No,No,Tuesday,170.56,-2.6,0
Summer,Sylhet,Sylhet,Potato,Local Potato,Kg,29.49,Medium,2,Sunny,Yes,No,Tuesday,30.93,-4.7,0
Winter,Karwan Bazar (Dhaka),Dhaka,Potato,Cold Storage Potato,Kg,33.18,High,3,Sunny,Yes,No,Saturday,31.4,5.7,0
Winter,Rajshahi,Rajshahi,Lentil,Imported Lentil,Kg,133.07,Medium,2,Rainy,No,No,Wednesday,119.0,11.8,0
Winter,Karwan Bazar (Dhaka),Dhaka,Rice,Najirshail Rice,Kg,79.72,Low,1,Sunny,No,Yes,Thursday,66.68,19.6,1
Monsoon,Rajshahi,Rajshahi,Onion,Local Onion,Kg,107.33,Medium,2,Sunny,No,Yes,Friday,88.05,21.9,1
Winter,Chattogram,Chattogram,Rice,Najirshail Rice,Kg,76.64,Medium,2,Rainy,No,No,Tuesday,66.68,14.9,0
Monsoon,Khulna,Khulna,Edible Oil,Palm Oil,L,181.06,Medium,2,Sunny,No,Yes,Thursday,176.57,2.5,0
Monsoon,Barishal,Barishal,Onion,Local Onion,Kg,62.26,Medium,2,Sunny,Yes,No,Thursday,88.05,-29.3,0
Summer,Karwan Bazar (Dhaka),Dhaka,Rice,Miniket Rice,Kg,66.71,Low,1,Rainy,Yes,No,Tuesday,65.97,1.1,0
Summer,Karwan Bazar (Dhaka),Dhaka,Potato,Local Potato,Kg,32.99,Medium,2,Rainy,No,No,Sunday,30.93,6.7,0
Monsoon,Karwan Bazar (Dhaka),Dhaka,Rice,Najirshail Rice,Kg,64.44,High,3,Sunny,No,No,Friday,68.15,-5.4,0
Monsoon,Khulna,Khulna,Rice,Miniket Rice,Kg,57.63,Medium,2,Sunny,Yes,No,Saturday,70.66,-18.4,0
Winter,Karwan Bazar (Dhaka),Dhaka,Potato,Cold Storage Potato,Kg,30.62,Medium,2,Sunny,No,No,Friday,31.4,-2.5,0
Monsoon,Rajshahi,Rajshahi,Rice,Najirshail Rice,Kg,70.69,Medium,2,Rainy,Yes,No,Wednesday,68.15,3.7,0
Winter,Karwan Bazar (Dhaka),Dhaka,Potato,Local Potato,Kg,29.04,Medium,2,Sunny,Yes,No,Monday,29.14,-0.4,0
Monsoon,Chattogram,Chattogram,Onion,Indian Onion,Kg,120.0,Medium,2,Flood,No,Yes,Wednesday,91.13,31.7,1
Monsoon,Karwan Bazar (Dhaka),Dhaka,Rice,Najirshail Rice,Kg,75.29,Low,1,Rainy,No,No,Sunday,68.15,10.5,0
Summer,Khulna,Khulna,Rice,Miniket Rice,Kg,70.17,Medium,2,Sunny,No,No,Saturday,65.97,6.4,0
Summer,Khulna,Khulna,Lentil,Imported Lentil,Kg,114.13,Medium,2,Sunny,No,No,Saturday,120.06,-4.9,0
Summer,Khulna,Khulna,Lentil,Local Lentil,Kg,120.26,Medium,2,Rainy,No,No,Saturday,118.59,1.4,0
Winter,Barishal,Barishal,Rice,BR-28 Rice,Kg,63.51,High,3,Sunny,No,No,Friday,65.24,-2.7,0
Monsoon,Khulna,Khulna,Potato,Local Potato,Kg,27.57,High,3,Rainy,No,No,Sunday,33.39,-17.4,0
Summer,Barishal,Barishal,Edible Oil,Soybean Oil,L,166.94,Medium,2,Sunny,No,No,Wednesday,170.56,-2.1,0
Summer,Chattogram,Chattogram,Lentil,Imported Lentil,Kg,136.8,Medium,2,Sunny,No,No,Sunday,120.06,13.9,0
Summer,Rajshahi,Rajshahi,Garlic,Chinese Garlic,Kg,191.02,Medium,2,Rainy,No,No,Saturday,151.19,26.3,1
Winter,Sylhet,Sylhet,Potato,Local Potato,Kg,20.92,Medium,2,Sunny,Yes,No,Thursday,29.14,-28.2,0
Monsoon,Khulna,Khulna,Lentil,Local Lentil,Kg,128.84,Medium,2,Sunny,No,No,Saturday,126.51,1.8,0
Winter,Barishal,Barishal,Onion,Local Onion,Kg,84.9,High,3,Rainy,Yes,Yes,Friday,82.04,3.5,0
Summer,Rajshahi,Rajshahi,Garlic,Local Garlic,Kg,154.16,High,3,Rainy,No,No,Saturday,150.39,2.5,0
Monsoon,Rajshahi,Rajshahi,Rice,BR-28 Rice,Kg,68.18,Medium,2,Rainy,Yes,No,Saturday,71.77,-5.0,0
Winter,Rajshahi,Rajshahi,Rice,BR-28 Rice,Kg,66.83,Low,1,Sunny,Yes,No,Thursday,65.24,2.4,0
Summer,Barishal,Barishal,Potato,Cold Storage Potato,Kg,30.28,Medium,2,Rainy,Yes,Yes,Saturday,30.5,-0.7,0
Summer,Karwan Bazar (Dhaka),Dhaka,Onion,Local Onion,Kg,92.93,High,3,Sunny,Yes,No,Monday,86.06,8.0,0
Summer,Khulna,Khulna,Lentil,Imported Lentil,Kg,103.85,High,3,Sunny,Yes,No,Sunday,120.06,-13.5,0
Summer,Karwan Bazar (Dhaka),Dhaka,Rice,Najirshail Rice,Kg,60.76,High,3,Sunny,Yes,No,Monday,65.16,-6.8,0
Winter,Karwan Bazar (Dhaka),Dhaka,Lentil,Imported Lentil,Kg,113.77,Medium,2,Sunny,Yes,No,Monday,119.0,-4.4,0
Winter,Khulna,Khulna,Edible Oil,Palm Oil,L,175.93,Medium,2,Sunny,No,No,Thursday,167.63,5.0,0
Winter,Karwan Bazar (Dhaka),Dhaka,Onion,Indian Onion,Kg,54.7,Medium,2,Sunny,Yes,No,Thursday,78.26,-30.1,0
Winter,Chattogram,Chattogram,Garlic,Local Garlic,Kg,155.0,High,3,Sunny,Yes,Yes,Sunday,158.6,-2.3,0
Winter,Chattogram,Chattogram,Onion,Indian Onion,Kg,85.92,High,3,Sunny,Yes,Yes,Friday,78.26,9.8,0
Winter,Karwan Bazar (Dhaka),Dhaka,Edible Oil,Soybean Oil,L,123.95,High,3,Sunny,Yes,No,Sunday,168.34,-26.4,0
Monsoon,Barishal,Barishal,Garlic,Local Garlic,Kg,165.77,High,3,Flood,No,No,Saturday,158.92,4.3,0
Monsoon,Rajshahi,Rajshahi,Rice,Miniket Rice,Kg,70.39,Medium,2,Rainy,No,No,Saturday,70.66,-0.4,0
Monsoon,Karwan Bazar (Dhaka),Dhaka,Rice,Najirshail Rice,Kg,57.63,High,3,Sunny,No,No,Friday,68.15,-15.4,0
Winter,Karwan Bazar (Dhaka),Dhaka,Garlic,Local Garlic,Kg,149.96,High,3,Sunny,No,No,Tuesday,158.6,-5.4,0
Summer,Rajshahi,Rajshahi,Edible Oil,Soybean Oil,L,159.82,High,3,Sunny,No,No,Tuesday,170.56,-6.3,0
Winter,Chattogram,Chattogram,Onion,Indian Onion,Kg,80.37,High,3,Sunny,Yes,No,Wednesday,78.26,2.7,0
Winter,Khulna,Khulna,Rice,BR-28 Rice,Kg,64.67,Medium,2,Sunny,Yes,No,Monday,65.24,-0.9,0
Summer,Chattogram,Chattogram,Rice,Miniket Rice,Kg,74.82,Low,1,Rainy,Yes,Yes,Monday,65.97,13.4,0
Winter,Karwan Bazar (Dhaka),Dhaka,Lentil,Imported Lentil,Kg,136.26,Low,1,Sunny,No,No,Monday,119.0,14.5,0
Monsoon,Khulna,Khulna,Rice,Najirshail Rice,Kg,61.42,High,3,Rainy,Yes,No,Sunday,68.15,-9.9,0
Monsoon,Rajshahi,Rajshahi,Garlic,Local Garlic,Kg,148.57,High,3,Rainy,No,No,Sunday,158.92,-6.5,0
Winter,Karwan Bazar (Dhaka),Dhaka,Potato,Local Potato,Kg,25.57,Low,1,Sunny,No,No,Wednesday,29.14,-12.3,0
Monsoon,Khulna,Khulna,Potato,Cold Storage Potato,Kg,27.19,Low,1,Rainy,Yes,Yes,Saturday,32.63,-16.7,0
Winter,Karwan Bazar (Dhaka),Dhaka,Garlic,Local Garlic,Kg,119.93,Medium,2,Sunny,Yes,No,Monday,158.6,-24.4,0
Monsoon,Chattogram,Chattogram,Onion,Local Onion,Kg,107.22,Medium,2,Flood,No,No,Friday,88.05,21.8,1
Monsoon,Karwan Bazar (Dhaka),Dhaka,Lentil,Local Lentil,Kg,140.0,Medium,2,Rainy,No,No,Wednesday,126.51,10.7,0
Monsoon,Khulna,Khulna,Lentil,Imported Lentil,Kg,139.75,Low,1,Sunny,No,No,Friday,126.9,10.1,0
Winter,Khulna,Khulna,Lentil,Imported Lentil,Kg,92.84,High,3,Sunny,Yes,No,Wednesday,119.0,-22.0,0
Winter,Sylhet,Sylhet,Potato,Local Potato,Kg,33.8,Medium,2,Sunny,No,No,Monday,29.14,16.0,1
Summer,Khulna,Khulna,Potato,Cold Storage Potato,Kg,27.57,High,3,Sunny,No,No,Thursday,30.5,-9.6,0
Summer,Khulna,Khulna,Lentil,Imported Lentil,Kg,107.63,Medium,2,Sunny,No,No,Thursday,120.06,-10.4,0
Summer,Sylhet,Sylhet,Lentil,Local Lentil,Kg,101.44,High,3,Sunny,Yes,No,Sunday,118.59,-14.5,0
Monsoon,Rajshahi,Rajshahi,Rice,Najirshail Rice,Kg,73.41,Low,1,Rainy,No,No,Friday,68.15,7.7,0
Summer,Khulna,Khulna,Lentil,Imported Lentil,Kg,110.12,Medium,2,Sunny,Yes,No,Friday,120.06,-8.3,0
Monsoon,Chattogram,Chattogram,Garlic,Local Garlic,Kg,200.0,Medium,2,Rainy,No,No,Saturday,158.92,25.8,1
Winter,Sylhet,Sylhet,Potato,Cold Storage Potato,Kg,30.76,Medium,2,Sunny,Yes,No,Wednesday,31.4,-2.0,0
Winter,Rajshahi,Rajshahi,Edible Oil,Soybean Oil,L,161.63,Medium,2,Sunny,Yes,No,Saturday,168.34,-4.0,0
Monsoon,Chattogram,Chattogram,Edible Oil,Soybean Oil,L,200.0,Medium,2,Rainy,No,Yes,Monday,178.49,12.1,0
Monsoon,Chattogram,Chattogram,Onion,Indian Onion,Kg,75.69,High,3,Sunny,Yes,No,Friday,91.13,-16.9,0
Winter,Rajshahi,Rajshahi,Rice,BR-28 Rice,Kg,56.71,Medium,2,Sunny,Yes,No,Saturday,65.24,-13.1,0
Summer,Chattogram,Chattogram,Potato,Cold Storage Potato,Kg,30.6,Medium,2,Sunny,Yes,Yes,Saturday,30.5,0.3,0
Winter,Chattogram,Chattogram,Onion,Indian Onion,Kg,77.16,Medium,2,Sunny,No,No,Monday,78.26,-1.4,0
Monsoon,Barishal,Barishal,Lentil,Local Lentil,Kg,117.68,Medium,2,Rainy,No,No,Tuesday,126.51,-7.0,0
Monsoon,Rajshahi,Rajshahi,Edible Oil,Palm Oil,L,153.3,Medium,2,Rainy,Yes,No,Sunday,176.57,-13.2,0
Winter,Barishal,Barishal,Lentil,Local Lentil,Kg,118.23,Medium,2,Sunny,Yes,No,Saturday,116.32,1.6,0
Monsoon,Khulna,Khulna,Edible Oil,Soybean Oil,L,168.12,Medium,2,Rainy,No,No,Wednesday,178.49,-5.8,0
Winter,Chattogram,Chattogram,Potato,Local Potato,Kg,30.34,Medium,2,Sunny,No,No,Wednesday,29.14,4.1,0
Winter,Barishal,Barishal,Edible Oil,Soybean Oil,L,180.34,Medium,2,Rainy,No,No,Tuesday,168.34,7.1,0
Monsoon,Karwan Bazar (Dhaka),Dhaka,Potato,Cold Storage Potato,Kg,40.0,Low,1,Sunny,No,Yes,Sunday,32.63,22.6,1
Winter,Chattogram,Chattogram,Edible Oil,Palm Oil,L,181.56,Low,1,Sunny,No,No,Monday,167.63,8.3,0
Summer,Chattogram,Chattogram,Potato,Local Potato,Kg,25.76,High,3,Sunny,Yes,No,Thursday,30.93,-16.7,0
Winter,Rajshahi,Rajshahi,Edible Oil,Palm Oil,L,148.6,Medium,2,Sunny,Yes,Yes,Saturday,167.63,-11.4,0
Monsoon,Khulna,Khulna,Garlic,Chinese Garlic,Kg,160.33,Medium,2,Rainy,No,Yes,Thursday,166.29,-3.6,0
Summer,Sylhet,Sylhet,Onion,Local Onion,Kg,85.91,High,3,Sunny,Yes,Yes,Sunday,86.06,-0.2,0
Monsoon,Chattogram,Chattogram,Lentil,Local Lentil,Kg,140.0,Medium,2,Rainy,No,Yes,Sunday,126.51,10.7,0
Monsoon,Sylhet,Sylhet,Lentil,Imported Lentil,Kg,140.0,Low,1,Rainy,No,No,Friday,126.9,10.3,0
Summer,Karwan Bazar (Dhaka),Dhaka,Lentil,Local Lentil,Kg,140.0,Low,1,Rainy,No,No,Tuesday,118.59,18.1,1
Winter,Karwan Bazar (Dhaka),Dhaka,Potato,Local Potato,Kg,33.56,High,3,Sunny,No,No,Wednesday,29.14,15.1,1
Monsoon,Rajshahi,Rajshahi,Lentil,Local Lentil,Kg,139.52,Medium,2,Rainy,No,No,Saturday,126.51,10.3,0
Winter,Khulna,Khulna,Edible Oil,Soybean Oil,L,183.75,Low,1,Sunny,No,No,Thursday,168.34,9.2,0
Winter,Chattogram,Chattogram,Edible Oil,Soybean Oil,L,198.54,Low,1,Sunny,No,No,Thursday,168.34,17.9,1
Monsoon,Khulna,Khulna,Garlic,Chinese Garlic,Kg,199.36,Low,1,Rainy,Yes,Yes,Saturday,166.29,19.9,1
Monsoon,Barishal,Barishal,Potato,Cold Storage Potato,Kg,28.31,High,3,Rainy,No,No,Monday,32.63,-13.2,0
Summer,Khulna,Khulna,Potato,Cold Storage Potato,Kg,30.61,High,3,Sunny,Yes,No,Sunday,30.5,0.4,0
Winter,Sylhet,Sylhet,Rice,Najirshail Rice,Kg,67.6,Low,1,Rainy,Yes,No,Saturday,66.68,1.4,0
Summer,Chattogram,Chattogram,Lentil,Imported Lentil,Kg,140.0,Low,1,Rainy,No,Yes,Saturday,120.06,16.6,1
Winter,Khulna,Khulna,Potato,Local Potato,Kg,33.95,Medium,2,Rainy,No,No,Saturday,29.14,16.5,1
Monsoon,Rajshahi,Rajshahi,Lentil,Local Lentil,Kg,136.05,Medium,2,Sunny,No,No,Wednesday,126.51,7.5,0
Winter,Sylhet,Sylhet,Garlic,Chinese Garlic,Kg,126.83,High,3,Rainy,Yes,No,Wednesday,152.03,-16.6,0
Summer,Rajshahi,Rajshahi,Potato,Cold Storage Potato,Kg,31.19,Medium,2,Sunny,No,No,Monday,30.5,2.3,0
Monsoon,Karwan Bazar (Dhaka),Dhaka,Onion,Local Onion,Kg,82.36,High,3,Sunny,No,Yes,Friday,88.05,-6.5,0
Winter,Khulna,Khulna,Rice,Najirshail Rice,Kg,80.0,Low,1,Rainy,Yes,No,Wednesday,66.68,20.0,1
Monsoon,Chattogram,Chattogram,Edible Oil,Soybean Oil,L,168.13,High,3,Sunny,No,Yes,Saturday,178.49,-5.8,0
Monsoon,Barishal,Barishal,Rice,BR-28 Rice,Kg,72.74,Medium,2,Flood,Yes,No,Tuesday,71.77,1.4,0
Monsoon,Chattogram,Chattogram,Edible Oil,Palm Oil,L,150.03,High,3,Rainy,Yes,No,Sunday,176.57,-15.0,0
Summer,Karwan Bazar (Dhaka),Dhaka,Onion,Indian Onion,Kg,70.12,Medium,2,Sunny,Yes,No,Saturday,83.41,-15.9,0
Monsoon,Chattogram,Chattogram,Edible Oil,Palm Oil,L,186.04,Medium,2,Rainy,No,Yes,Tuesday,176.57,5.4,0
Winter,Barishal,Barishal,Onion,Indian Onion,Kg,64.42,High,3,Sunny,No,No,Wednesday,78.26,-17.7,0
Monsoon,Khulna,Khulna,Edible Oil,Palm Oil,L,171.03,High,3,Rainy,No,No,Saturday,176.57,-3.1,0
Summer,Karwan Bazar (Dhaka),Dhaka,Garlic,Local Garlic,Kg,128.97,Medium,2,Sunny,Yes,No,Sunday,150.39,-14.2,0
Summer,Khulna,Khulna,Potato,Cold Storage Potato,Kg,30.5,Medium,2,Sunny,Yes,No,Tuesday,30.5,0.0,0
Summer,Sylhet,Sylhet,Onion,Indian Onion,Kg,80.76,Medium,2,Sunny,Yes,Yes,Tuesday,83.41,-3.2,0
Summer,Rajshahi,Rajshahi,Potato,Local Potato,Kg,24.67,High,3,Sunny,No,No,Monday,30.93,-20.2,0
Monsoon,Chattogram,Chattogram,Lentil,Imported Lentil,Kg,108.99,Medium,2,Sunny,Yes,Yes,Sunday,126.9,-14.1,0
Summer,Chattogram,Chattogram,Rice,Najirshail Rice,Kg,68.34,Medium,2,Rainy,Yes,No,Monday,65.16,4.9,0
Winter,Sylhet,Sylhet,Potato,Local Potato,Kg,40.0,High,3,Sunny,No,No,Thursday,29.14,37.2,1
Monsoon,Khulna,Khulna,Garlic,Local Garlic,Kg,152.42,Medium,2,Sunny,No,No,Monday,158.92,-4.1,0
Monsoon,Chattogram,Chattogram,Edible Oil,Soybean Oil,L,179.5,High,3,Rainy,Yes,No,Sunday,178.49,0.6,0
Summer,Chattogram,Chattogram,Lentil,Imported Lentil,Kg,115.78,Medium,2,Rainy,Yes,No,Monday,120.06,-3.6,0
Monsoon,Chattogram,Chattogram,Garlic,Chinese Garlic,Kg,161.11,High,3,Rainy,No,No,Saturday,166.29,-3.1,0
Monsoon,Chattogram,Chattogram,Edible Oil,Palm Oil,L,184.44,Low,1,Sunny,Yes,No,Sunday,176.57,4.5,0
Monsoon,Chattogram,Chattogram,Onion,Indian Onion,Kg,84.02,Medium,2,Sunny,Yes,No,Tuesday,91.13,-7.8,0
Summer,Chattogram,Chattogram,Rice,Najirshail Rice,Kg,71.51,Low,1,Sunny,Yes,Yes,Wednesday,65.16,9.7,0
Monsoon,Chattogram,Chattogram,Lentil,Local Lentil,Kg,128.53,Medium,2,Sunny,No,No,Thursday,126.51,1.6,0
Monsoon,Chattogram,Chattogram,Rice,BR-28 Rice,Kg,80.0,Medium,2,Flood,No,No,Friday,71.77,11.5,0
Summer,Rajshahi,Rajshahi,Edible Oil,Palm Oil,L,163.74,Medium,2,Sunny,No,No,Thursday,162.73,0.6,0
Summer,Rajshahi,Rajshahi,Potato,Cold Storage Potato,Kg,35.0,Low,1,Sunny,No,Yes,Wednesday,30.5,14.8,0
Monsoon,Barishal,Barishal,Potato,Local Potato,Kg,34.0,Medium,2,Rainy,No,Yes,Wednesday,33.39,1.8,0
Summer,Sylhet,Sylhet,Rice,Najirshail Rice,Kg,57.66,Medium,2,Sunny,Yes,No,Thursday,65.16,-11.5,0
Summer,Karwan Bazar (Dhaka),Dhaka,Edible Oil,Palm Oil,L,145.86,High,3,Sunny,Yes,Yes,Thursday,162.73,-10.4,0
Summer,Rajshahi,Rajshahi,Rice,Najirshail Rice,Kg,72.81,Medium,2,Sunny,No,No,Saturday,65.16,11.7,0
Summer,Sylhet,Sylhet,Edible Oil,Soybean Oil,L,187.79,High,3,Rainy,No,No,Friday,170.56,10.1,0
Summer,Karwan Bazar (Dhaka),Dhaka,Lentil,Local Lentil,Kg,124.0,High,3,Sunny,No,Yes,Sunday,118.59,4.6,0
Summer,Chattogram,Chattogram,Onion,Indian Onion,Kg,76.21,Low,1,Sunny,No,No,Thursday,83.41,-8.6,0
Monsoon,Chattogram,Chattogram,Onion,Indian Onion,Kg,107.94,High,3,Rainy,No,No,Wednesday,91.13,18.4,1
Monsoon,Chattogram,Chattogram,Onion,Local Onion,Kg,85.28,Medium,2,Rainy,No,Yes,Friday,88.05,-3.1,0
Monsoon,Barishal,Barishal,Onion,Indian Onion,Kg,96.9,Medium,2,Rainy,No,No,Monday,91.13,6.3,0
Summer,Karwan Bazar (Dhaka),Dhaka,Onion,Local Onion,Kg,79.27,High,3,Rainy,Yes,Yes,Friday,86.06,-7.9,0
Winter,Chattogram,Chattogram,Lentil,Local Lentil,Kg,113.88,High,3,Rainy,No,No,Tuesday,116.32,-2.1,0
Summer,Chattogram,Chattogram,Rice,Najirshail Rice,Kg,60.47,High,3,Sunny,Yes,Yes,Monday,65.16,-7.2,0
Summer,Chattogram,Chattogram,Edible Oil,Palm Oil,L,156.29,High,3,Sunny,No,No,Monday,162.73,-4.0,0
Monsoon,Sylhet,Sylhet,Onion,Local Onion,Kg,81.7,Low,1,Rainy,Yes,No,Monday,88.05,-7.2,0
Summer,Karwan Bazar (Dhaka),Dhaka,Lentil,Imported Lentil,Kg,97.96,Medium,2,Sunny,Yes,No,Friday,120.06,-18.4,0
Winter,Chattogram,Chattogram,Garlic,Local Garlic,Kg,152.62,Medium,2,Sunny,Yes,Yes,Sunday,158.6,-3.8,0
Summer,Rajshahi,Rajshahi,Garlic,Chinese Garlic,Kg,148.13,Medium,2,Sunny,No,No,Sunday,151.19,-2.0,0
Winter,Khulna,Khulna,Rice,BR-28 Rice,Kg,80.0,Medium,2,Rainy,No,No,Monday,65.24,22.6,1
Monsoon,Sylhet,Sylhet,Rice,Najirshail Rice,Kg,59.54,Medium,2,Rainy,Yes,No,Monday,68.15,-12.6,0
Winter,Rajshahi,Rajshahi,Potato,Local Potato,Kg,24.42,High,3,Sunny,No,No,Monday,29.14,-16.2,0
Monsoon,Sylhet,Sylhet,Lentil,Imported Lentil,Kg,107.98,High,3,Sunny,Yes,No,Wednesday,126.9,-14.9,0
Summer,Khulna,Khulna,Rice,Miniket Rice,Kg,66.07,Medium,2,Sunny,No,No,Monday,65.97,0.2,0
Monsoon,Rajshahi,Rajshahi,Garlic,Local Garlic,Kg,167.58,Medium,2,Sunny,No,No,Sunday,158.92,5.4,0
Monsoon,Chattogram,Chattogram,Onion,Indian Onion,Kg,109.78,Medium,2,Rainy,No,No,Monday,91.13,20.5,1
Monsoon,Chattogram,Chattogram,Edible Oil,Palm Oil,L,144.0,Low,1,Rainy,No,No,Monday,176.57,-18.4,0
Summer,Chattogram,Chattogram,Garlic,Chinese Garlic,Kg,190.95,Medium,2,Rainy,No,Yes,Sunday,151.19,26.3,1
Monsoon,Barishal,Barishal,Rice,Miniket Rice,Kg,78.32,Low,1,Rainy,Yes,Yes,Friday,70.66,10.8,0
Winter,Chattogram,Chattogram,Onion,Indian Onion,Kg,75.38,Medium,2,Sunny,Yes,No,Saturday,78.26,-3.7,0
Monsoon,Karwan Bazar (Dhaka),Dhaka,Lentil,Local Lentil,Kg,113.98,Medium,2,Sunny,No,No,Tuesday,126.51,-9.9,0
Monsoon,Karwan Bazar (Dhaka),Dhaka,Potato,Cold Storage Potato,Kg,34.51,High,3,Rainy,No,No,Friday,32.63,5.8,0
Winter,Chattogram,Chattogram,Garlic,Local Garlic,Kg,163.89,Low,1,Sunny,No,No,Sunday,158.6,3.3,0
Summer,Khulna,Khulna,Lentil,Imported Lentil,Kg,139.68,High,3,Rainy,No,No,Sunday,120.06,16.3,1
Summer,Rajshahi,Rajshahi,Potato,Local Potato,Kg,35.76,Medium,2,Sunny,Yes,No,Friday,30.93,15.6,1
Monsoon,Karwan Bazar (Dhaka),Dhaka,Onion,Indian Onion,Kg,93.24,Low,1,Rainy,Yes,No,Saturday,91.13,2.3,0
Winter,Chattogram,Chattogram,Lentil,Imported Lentil,Kg,132.15,Low,1,Rainy,Yes,No,Tuesday,119.0,11.1,0
Summer,Karwan Bazar (Dhaka),Dhaka,Onion,Indian Onion,Kg,69.94,High,3,Sunny,Yes,No,Saturday,83.41,-16.1,0
Summer,Karwan Bazar (Dhaka),Dhaka,Edible Oil,Palm Oil,L,178.17,Low,1,Flood,No,No,Saturday,162.73,9.5,0
Summer,Khulna,Khulna,Potato,Cold Storage Potato,Kg,30.35,High,3,Flood,Yes,No,Monday,30.5,-0.5,0
Monsoon,Rajshahi,Rajshahi,Edible Oil,Soybean Oil,L,163.9,Medium,2,Sunny,No,No,Thursday,178.49,-8.2,0
Winter,Karwan Bazar (Dhaka),Dhaka,Lentil,Local Lentil,Kg,129.77,Medium,2,Sunny,No,No,Saturday,116.32,11.6,0
Summer,Rajshahi,Rajshahi,Rice,Najirshail Rice,Kg,66.74,Medium,2,Sunny,Yes,No,Tuesday,65.16,2.4,0
Winter,Sylhet,Sylhet,Edible Oil,Palm Oil,L,140.42,High,3,Rainy,Yes,No,Tuesday,167.63,-16.2,0
Monsoon,Khulna,Khulna,Garlic,Chinese Garlic,Kg,186.86,Medium,2,Rainy,No,No,Wednesday,166.29,12.4,0
Summer,Sylhet,Sylhet,Lentil,Local Lentil,Kg,122.96,Low,1,Rainy,No,No,Wednesday,118.59,3.7,0
Summer,Chattogram,Chattogram,Lentil,Imported Lentil,Kg,134.08,Low,1,Sunny,No,Yes,Sunday,120.06,11.7,0
Monsoon,Karwan Bazar (Dhaka),Dhaka,Lentil,Imported Lentil,Kg,101.18,Medium,2,Rainy,No,No,Friday,126.9,-20.3,0
Monsoon,Rajshahi,Rajshahi,Onion,Local Onion,Kg,70.33,High,3,Rainy,No,No,Monday,88.05,-20.1,0
Monsoon,Karwan Bazar (Dhaka),Dhaka,Lentil,Local Lentil,Kg,118.61,Medium,2,Rainy,No,No,Wednesday,126.51,-6.2,0
Monsoon,Khulna,Khulna,Potato,Cold Storage Potato,Kg,40.0,Medium,2,Flood,No,Yes,Tuesday,32.63,22.6,1
Winter,Chattogram,Chattogram,Edible Oil,Soybean Oil,L,156.14,High,3,Sunny,No,No,Friday,168.34,-7.2,0
Winter,Sylhet,Sylhet,Rice,BR-28 Rice,Kg,68.39,Medium,2,Sunny,Yes,No,Friday,65.24,4.8,0
Summer,Chattogram,Chattogram,Garlic,Local Garlic,Kg,155.35,Medium,2,Rainy,Yes,No,Thursday,150.39,3.3,0
Summer,Barishal,Barishal,Rice,Miniket Rice,Kg,62.49,Medium,2,Rainy,Yes,Yes,Sunday,65.97,-5.3,0
Winter,Chattogram,Chattogram,Potato,Cold Storage Potato,Kg,34.27,Low,1,Rainy,No,No,Saturday,31.4,9.1,0
Summer,Rajshahi,Rajshahi,Edible Oil,Palm Oil,L,197.36,Medium,2,Rainy,No,No,Friday,162.73,21.3,1
Winter,Karwan Bazar (Dhaka),Dhaka,Rice,Miniket Rice,Kg,74.07,Medium,2,Sunny,No,No,Thursday,67.13,10.3,0
Winter,Chattogram,Chattogram,Potato,Local Potato,Kg,27.27,Medium,2,Sunny,Yes,No,Sunday,29.14,-6.4,0
Monsoon,Barishal,Barishal,Lentil,Local Lentil,Kg,109.22,Medium,2,Rainy,Yes,No,Monday,126.51,-13.7,0
Winter,Sylhet,Sylhet,Edible Oil,Soybean Oil,L,163.67,Medium,2,Sunny,No,No,Monday,168.34,-2.8,0
Monsoon,Karwan Bazar (Dhaka),Dhaka,Edible Oil,Palm Oil,L,176.56,Low,1,Sunny,No,No,Tuesday,176.57,-0.0,0
Summer,Barishal,Barishal,Garlic,Chinese Garlic,Kg,148.1,Medium,2,Sunny,No,No,Sunday,151.19,-2.0,0
Summer,Chattogram,Chattogram,Edible Oil,Palm Oil,L,141.57,High,3,Sunny,No,No,Friday,162.73,-13.0,0
Summer,Chattogram,Chattogram,Lentil,Local Lentil,Kg,116.29,Medium,2,Sunny,No,No,Saturday,118.59,-1.9,0
Monsoon,Karwan Bazar (Dhaka),Dhaka,Lentil,Imported Lentil,Kg,140.0,Medium,2,Flood,No,No,Saturday,126.9,10.3,0
Winter,Sylhet,Sylhet,Rice,Miniket Rice,Kg,74.39,Medium,2,Rainy,No,No,Tuesday,67.13,10.8,0
Winter,Rajshahi,Rajshahi,Onion,Indian Onion,Kg,96.29,Low,1,Sunny,Yes,No,Wednesday,78.26,23.0,1
Monsoon,Chattogram,Chattogram,Lentil,Local Lentil,Kg,136.25,Low,1,Rainy,No,No,Sunday,126.51,7.7,0
Summer,Rajshahi,Rajshahi,Potato,Cold Storage Potato,Kg,40.0,Low,1,Rainy,No,Yes,Wednesday,30.5,31.1,1
Monsoon,Chattogram,Chattogram,Rice,Miniket Rice,Kg,72.79,Medium,2,Sunny,No,No,Sunday,70.66,3.0,0
Monsoon,Sylhet,Sylhet,Edible Oil,Palm Oil,L,197.52,Low,1,Rainy,No,No,Thursday,176.57,11.9,0
Summer,Karwan Bazar (Dhaka),Dhaka,Garlic,Local Garlic,Kg,136.04,High,3,Sunny,Yes,Yes,Monday,150.39,-9.5,0
Summer,Khulna,Khulna,Rice,Miniket Rice,Kg,64.9,High,3,Rainy,Yes,No,Tuesday,65.97,-1.6,0
Winter,Khulna,Khulna,Garlic,Chinese Garlic,Kg,142.41,Low,1,Sunny,Yes,No,Friday,152.03,-6.3,0
Summer,Chattogram,Chattogram,Rice,Miniket Rice,Kg,74.17,Medium,2,Rainy,Yes,No,Friday,65.97,12.4,0
Winter,Sylhet,Sylhet,Edible Oil,Palm Oil,L,160.29,Medium,2,Sunny,Yes,Yes,Thursday,167.63,-4.4,0
Monsoon,Chattogram,Chattogram,Edible Oil,Palm Oil,L,200.0,Low,1,Rainy,No,No,Tuesday,176.57,13.3,0
Summer,Karwan Bazar (Dhaka),Dhaka,Edible Oil,Soybean Oil,L,171.56,Medium,2,Sunny,No,No,Saturday,170.56,0.6,0
Summer,Khulna,Khulna,Lentil,Local Lentil,Kg,102.36,High,3,Sunny,Yes,No,Wednesday,118.59,-13.7,0
Summer,Barishal,Barishal,Rice,Miniket Rice,Kg,64.91,Medium,2,Rainy,Yes,No,Wednesday,65.97,-1.6,0
Monsoon,Rajshahi,Rajshahi,Rice,BR-28 Rice,Kg,80.0,Low,1,Flood,No,No,Monday,71.77,11.5,0
Monsoon,Karwan Bazar (Dhaka),Dhaka,Garlic,Chinese Garlic,Kg,147.47,Low,1,Sunny,No,No,Thursday,166.29,-11.3,0
Winter,Barishal,Barishal,Rice,BR-28 Rice,Kg,69.39,High,3,Sunny,No,No,Wednesday,65.24,6.4,0
Monsoon,Chattogram,Chattogram,Onion,Local Onion,Kg,101.65,Medium,2,Rainy,No,Yes,Friday,88.05,15.4,1
Summer,Khulna,Khulna,Onion,Indian Onion,Kg,100.66,High,3,Rainy,No,No,Thursday,83.41,20.7,1
Monsoon,Chattogram,Chattogram,Lentil,Imported Lentil,Kg,126.05,Medium,2,Sunny,No,No,Tuesday,126.9,-0.7,0
Winter,Khulna,Khulna,Potato,Cold Storage Potato,Kg,20.0,High,3,Rainy,Yes,No,Saturday,31.4,-36.3,0
Summer,Barishal,Barishal,Lentil,Imported Lentil,Kg,99.03,Medium,2,Rainy,Yes,No,Saturday,120.06,-17.5,0
Summer,Rajshahi,Rajshahi,Edible Oil,Palm Oil,L,138.37,High,3,Sunny,Yes,No,Thursday,162.73,-15.0,0
Monsoon,Rajshahi,Rajshahi,Garlic,Local Garlic,Kg,134.63,Medium,2,Sunny,Yes,No,Wednesday,158.92,-15.3,0
Winter,Sylhet,Sylhet,Edible Oil,Palm Oil,L,191.77,Medium,2,Rainy,No,No,Tuesday,167.63,14.4,0
Summer,Karwan Bazar (Dhaka),Dhaka,Potato,Local Potato,Kg,30.99,Low,1,Rainy,Yes,No,Tuesday,30.93,0.2,0
Monsoon,Chattogram,Chattogram,Edible Oil,Soybean Oil,L,200.0,Medium,2,Rainy,No,Yes,Friday,178.49,12.1,0
Monsoon,Sylhet,Sylhet,Potato,Cold Storage Potato,Kg,25.05,High,3,Sunny,Yes,No,Monday,32.63,-23.2,0
Monsoon,Barishal,Barishal,Lentil,Imported Lentil,Kg,100.05,Medium,2,Sunny,Yes,No,Thursday,126.9,-21.2,0
Monsoon,Khulna,Khulna,Rice,BR-28 Rice,Kg,67.46,High,3,Sunny,No,Yes,Saturday,71.77,-6.0,0
Monsoon,Barishal,Barishal,Lentil,Imported Lentil,Kg,121.63,Medium,2,Sunny,No,No,Tuesday,126.9,-4.2,0
Monsoon,Karwan Bazar (Dhaka),Dhaka,Edible Oil,Soybean Oil,L,188.16,Medium,2,Sunny,No,No,Wednesday,178.49,5.4,0
Monsoon,Khulna,Khulna,Onion,Local Onion,Kg,98.19,Low,1,Flood,No,Yes,Wednesday,88.05,11.5,0
Summer,Chattogram,Chattogram,Rice,Najirshail Rice,Kg,65.41,Low,1,Sunny,Yes,No,Friday,65.16,0.4,0
Monsoon,Chattogram,Chattogram,Onion,Indian Onion,Kg,88.26,Medium,2,Flood,Yes,No,Monday,91.13,-3.1,0
Summer,Chattogram,Chattogram,Rice,BR-28 Rice,Kg,66.82,Medium,2,Rainy,No,No,Wednesday,65.77,1.6,0
Winter,Chattogram,Chattogram,Edible Oil,Palm Oil,L,192.49,Low,1,Rainy,No,No,Saturday,167.63,14.8,0
Winter,Karwan Bazar (Dhaka),Dhaka,Onion,Indian Onion,Kg,76.55,Low,1,Sunny,Yes,No,Thursday,78.26,-2.2,0
Monsoon,Chattogram,Chattogram,Onion,Local Onion,Kg,102.08,Medium,2,Rainy,No,Yes,Wednesday,88.05,15.9,1
Summer,Karwan Bazar (Dhaka),Dhaka,Potato,Cold Storage Potato,Kg,33.44,High,3,Sunny,No,No,Wednesday,30.5,9.6,0
Summer,Karwan Bazar (Dhaka),Dhaka,Lentil,Imported Lentil,Kg,125.3,High,3,Rainy,No,No,Wednesday,120.06,4.4,0
Monsoon,Khulna,Khulna,Edible Oil,Palm Oil,L,200.0,Low,1,Rainy,No,No,Saturday,176.57,13.3,0
Monsoon,Chattogram,Chattogram,Onion,Local Onion,Kg,115.23,Medium,2,Rainy,No,No,Saturday,88.05,30.9,1
Monsoon,Rajshahi,Rajshahi,Rice,BR-28 Rice,Kg,80.0,Medium,2,Rainy,No,No,Monday,71.77,11.5,0
Summer,Karwan Bazar (Dhaka),Dhaka,Rice,Najirshail Rice,Kg,51.25,Medium,2,Sunny,Yes,No,Sunday,65.16,-21.3,0
Summer,Karwan Bazar (Dhaka),Dhaka,Potato,Cold Storage Potato,Kg,40.0,Low,1,Sunny,Yes,No,Tuesday,30.5,31.1,1
Summer,Barishal,Barishal,Edible Oil,Soybean Oil,L,173.58,Medium,2,Sunny,No,No,Tuesday,170.56,1.8,0
Monsoon,Khulna,Khulna,Potato,Local Potato,Kg,36.86,Medium,2,Sunny,No,No,Tuesday,33.39,10.4,0
Monsoon,Sylhet,Sylhet,Garlic,Chinese Garlic,Kg,158.86,Medium,2,Sunny,No,No,Thursday,166.29,-4.5,0
Summer,Khulna,Khulna,Garlic,Local Garlic,Kg,137.28,Low,1,Rainy,Yes,No,Friday,150.39,-8.7,0
Monsoon,Karwan Bazar (Dhaka),Dhaka,Garlic,Local Garlic,Kg,176.94,Low,1,Rainy,Yes,Yes,Friday,158.92,11.3,0
Monsoon,Rajshahi,Rajshahi,Edible Oil,Soybean Oil,L,170.69,Medium,2,Flood,Yes,Yes,Monday,178.49,-4.4,0
Summer,Chattogram,Chattogram,Potato,Cold Storage Potato,Kg,35.58,Medium,2,Sunny,No,No,Tuesday,30.5,16.7,1
Winter,Chattogram,Chattogram,Onion,Local Onion,Kg,66.92,Low,1,Sunny,Yes,No,Wednesday,82.04,-18.4,0
Monsoon,Karwan Bazar (Dhaka),Dhaka,Rice,Najirshail Rice,Kg,80.0,Low,1,Flood,No,No,Tuesday,68.15,17.4,1
Monsoon,Barishal,Barishal,Garlic,Chinese Garlic,Kg,178.69,Medium,2,Sunny,No,Yes,Saturday,166.29,7.5,0
Monsoon,Karwan Bazar (Dhaka),Dhaka,Onion,Local Onion,Kg,64.99,Low,1,Rainy,No,No,Wednesday,88.05,-26.2,0
Winter,Rajshahi,Rajshahi,Onion,Indian Onion,Kg,64.61,Medium,2,Sunny,Yes,No,Sunday,78.26,-17.4,0
Summer,Chattogram,Chattogram,Lentil,Imported Lentil,Kg,129.31,Low,1,Sunny,No,No,Sunday,120.06,7.7,0
Summer,Chattogram,Chattogram,Lentil,Local Lentil,Kg,129.05,Medium,2,Rainy,No,Yes,Sunday,118.59,8.8,0
Summer,Barishal,Barishal,Edible Oil,Palm Oil,L,172.87,High,3,Rainy,No,No,Monday,162.73,6.2,0
Winter,Rajshahi,Rajshahi,Lentil,Local Lentil,Kg,113.31,Medium,2,Sunny,Yes,No,Friday,116.32,-2.6,0
Monsoon,Chattogram,Chattogram,Garlic,Local Garlic,Kg,159.95,Medium,2,Flood,Yes,No,Sunday,158.92,0.6,0
Summer,Chattogram,Chattogram,Rice,Miniket Rice,Kg,63.29,Medium,2,Sunny,Yes,No,Friday,65.97,-4.1,0
Monsoon,Chattogram,Chattogram,Lentil,Local Lentil,Kg,108.7,High,3,Sunny,Yes,No,Saturday,126.51,-14.1,0
Monsoon,Rajshahi,Rajshahi,Potato,Local Potato,Kg,38.54,Low,1,Rainy,No,No,Monday,33.39,15.4,1
Monsoon,Karwan Bazar (Dhaka),Dhaka,Lentil,Imported Lentil,Kg,130.27,Medium,2,Flood,No,No,Friday,126.9,2.7,0
Winter,Rajshahi,Rajshahi,Potato,Local Potato,Kg,27.62,Medium,2,Rainy,Yes,No,Friday,29.14,-5.2,0
Winter,Chattogram,Chattogram,Rice,Miniket Rice,Kg,66.94,High,3,Rainy,Yes,No,Friday,67.13,-0.3,0
Summer,Chattogram,Chattogram,Rice,Miniket Rice,Kg,63.75,High,3,Sunny,Yes,No,Thursday,65.97,-3.4,0
Monsoon,Khulna,Khulna,Rice,BR-28 Rice,Kg,77.67,Low,1,Rainy,No,No,Saturday,71.77,8.2,0
Winter,Chattogram,Chattogram,Rice,Miniket Rice,Kg,67.95,High,3,Sunny,No,No,Sunday,67.13,1.2,0
Monsoon,Karwan Bazar (Dhaka),Dhaka,Garlic,Local Garlic,Kg,151.52,High,3,Rainy,No,No,Sunday,158.92,-4.7,0
Winter,Khulna,Khulna,Onion,Local Onion,Kg,71.82,Low,1,Sunny,Yes,No,Saturday,82.04,-12.5,0
Monsoon,Karwan Bazar (Dhaka),Dhaka,Lentil,Imported Lentil,Kg,131.8,Medium,2,Rainy,No,No,Saturday,126.9,3.9,0
Winter,Rajshahi,Rajshahi,Lentil,Imported Lentil,Kg,129.69,Medium,2,Sunny,No,No,Monday,119.0,9.0,0
Summer,Khulna,Khulna,Potato,Local Potato,Kg,31.25,Medium,2,Rainy,Yes,No,Friday,30.93,1.0,0
Monsoon,Sylhet,Sylhet,Rice,Najirshail Rice,Kg,72.44,Low,1,Sunny,No,No,Saturday,68.15,6.3,0
Summer,Chattogram,Chattogram,Onion,Local Onion,Kg,95.23,Medium,2,Sunny,Yes,Yes,Wednesday,86.06,10.7,0
Winter,Chattogram,Chattogram,Lentil,Imported Lentil,Kg,119.16,Medium,2,Sunny,No,No,Monday,119.0,0.1,0
Summer,Karwan Bazar (Dhaka),Dhaka,Garlic,Local Garlic,Kg,142.02,High,3,Sunny,Yes,No,Friday,150.39,-5.6,0
Summer,Barishal,Barishal,Edible Oil,Palm Oil,L,184.44,Medium,2,Sunny,No,No,Sunday,162.73,13.3,0
Summer,Chattogram,Chattogram,Rice,Najirshail Rice,Kg,80.0,Medium,2,Sunny,No,No,Thursday,65.16,22.8,1
Monsoon,Karwan Bazar (Dhaka),Dhaka,Rice,Najirshail Rice,Kg,80.0,Low,1,Flood,No,Yes,Tuesday,68.15,17.4,1
Summer,Khulna,Khulna,Rice,Najirshail Rice,Kg,72.15,Medium,2,Rainy,Yes,Yes,Tuesday,65.16,10.7,0
Winter,Rajshahi,Rajshahi,Edible Oil,Palm Oil,L,155.09,Medium,2,Sunny,Yes,No,Monday,167.63,-7.5,0
Monsoon,Karwan Bazar (Dhaka),Dhaka,Onion,Local Onion,Kg,103.13,Medium,2,Rainy,No,No,Saturday,88.05,17.1,1
Monsoon,Chattogram,Chattogram,Garlic,Chinese Garlic,Kg,174.51,Medium,2,Sunny,No,Yes,Thursday,166.29,4.9,0
Monsoon,Karwan Bazar (Dhaka),Dhaka,Garlic,Local Garlic,Kg,141.81,Medium,2,Rainy,Yes,No,Monday,158.92,-10.8,0
Monsoon,Chattogram,Chattogram,Edible Oil,Soybean Oil,L,191.29,Low,1,Rainy,No,No,Friday,178.49,7.2,0
Summer,Khulna,Khulna,Garlic,Chinese Garlic,Kg,174.15,Low,1,Sunny,No,Yes,Monday,151.19,15.2,1
Winter,Khulna,Khulna,Onion,Indian Onion,Kg,88.87,High,3,Sunny,Yes,No,Thursday,78.26,13.6,0
Summer,Rajshahi,Rajshahi,Onion,Local Onion,Kg,80.63,Medium,2,Rainy,Yes,Yes,Monday,86.06,-6.3,0
Summer,Khulna,Khulna,Onion,Indian Onion,Kg,88.85,Low,1,Sunny,Yes,No,Wednesday,83.41,6.5,0
Winter,Chattogram,Chattogram,Potato,Local Potato,Kg,29.32,High,3,Sunny,Yes,No,Tuesday,29.14,0.6,0
Summer,Chattogram,Chattogram,Rice,Najirshail Rice,Kg,56.9,High,3,Rainy,Yes,No,Tuesday,65.16,-12.7,0
Monsoon,Karwan Bazar (Dhaka),Dhaka,Edible Oil,Soybean Oil,L,200.0,Medium,2,Flood,No,No,Thursday,178.49,12.1,0
Winter,Khulna,Khulna,Onion,Local Onion,Kg,77.02,High,3,Rainy,No,No,Sunday,82.04,-6.1,0
Winter,Karwan Bazar (Dhaka),Dhaka,Lentil,Imported Lentil,Kg,135.46,Low,1,Rainy,Yes,Yes,Friday,119.0,13.8,0
Monsoon,Chattogram,Chattogram,Garlic,Local Garlic,Kg,167.73,Medium,2,Rainy,Yes,No,Tuesday,158.92,5.5,0
Summer,Rajshahi,Rajshahi,Rice,BR-28 Rice,Kg,60.78,Medium,2,Sunny,Yes,No,Saturday,65.77,-7.6,0
Monsoon,Karwan Bazar (Dhaka),Dhaka,Potato,Cold Storage Potato,Kg,24.92,Medium,2,Sunny,Yes,Yes,Thursday,32.63,-23.6,0
Winter,Sylhet,Sylhet,Potato,Cold Storage Potato,Kg,23.64,Medium,2,Sunny,Yes,No,Friday,31.4,-24.7,0
Monsoon,Karwan Bazar (Dhaka),Dhaka,Garlic,Local Garlic,Kg,117.0,Medium,2,Rainy,No,Yes,Saturday,158.92,-26.4,0
Winter,Khulna,Khulna,Rice,BR-28 Rice,Kg,78.0,Medium,2,Rainy,No,No,Thursday,65.24,19.6,1
Summer,Karwan Bazar (Dhaka),Dhaka,Garlic,Local Garlic,Kg,183.12,High,3,Sunny,No,Yes,Wednesday,150.39,21.8,1
Monsoon,Chattogram,Chattogram,Rice,BR-28 Rice,Kg,62.11,Medium,2,Rainy,No,No,Thursday,71.77,-13.5,0
Winter,Khulna,Khulna,Lentil,Imported Lentil,Kg,110.33,Medium,2,Rainy,Yes,Yes,Tuesday,119.0,-7.3,0
Monsoon,Khulna,Khulna,Rice,BR-28 Rice,Kg,77.35,Medium,2,Sunny,No,No,Tuesday,71.77,7.8,0
Monsoon,Barishal,Barishal,Potato,Local Potato,Kg,34.47,Medium,2,Rainy,No,No,Tuesday,33.39,3.2,0
Monsoon,Karwan Bazar (Dhaka),Dhaka,Edible Oil,Palm Oil,L,200.0,Medium,2,Rainy,No,No,Thursday,176.57,13.3,0
Summer,Karwan Bazar (Dhaka),Dhaka,Onion,Indian Onion,Kg,75.08,High,3,Sunny,No,No,Saturday,83.41,-10.0,0
Winter,Sylhet,Sylhet,Edible Oil,Soybean Oil,L,200.0,Low,1,Rainy,No,No,Saturday,168.34,18.8,1
Monsoon,Rajshahi,Rajshahi,Garlic,Chinese Garlic,Kg,180.9,Low,1,Rainy,No,No,Sunday,166.29,8.8,0
Summer,Sylhet,Sylhet,Onion,Local Onion,Kg,103.56,Medium,2,Rainy,No,No,Monday,86.06,20.3,1
Monsoon,Karwan Bazar (Dhaka),Dhaka,Onion,Local Onion,Kg,70.96,Medium,2,Rainy,Yes,No,Wednesday,88.05,-19.4,0
Summer,Karwan Bazar (Dhaka),Dhaka,Lentil,Imported Lentil,Kg,132.3,Medium,2,Rainy,No,No,Thursday,120.06,10.2,0
Summer,Chattogram,Chattogram,Onion,Indian Onion,Kg,94.99,Low,1,Rainy,No,No,Sunday,83.41,13.9,0
Monsoon,Khulna,Khulna,Garlic,Chinese Garlic,Kg,157.05,High,3,Rainy,No,No,Thursday,166.29,-5.6,0
Winter,Khulna,Khulna,Onion,Indian Onion,Kg,68.79,Medium,2,Sunny,Yes,No,Saturday,78.26,-12.1,0
Winter,Sylhet,Sylhet,Potato,Local Potato,Kg,31.04,High,3,Sunny,No,No,Friday,29.14,6.5,0
Monsoon,Karwan Bazar (Dhaka),Dhaka,Rice,BR-28 Rice,Kg,55.32,Medium,2,Rainy,Yes,No,Tuesday,71.77,-22.9,0
Monsoon,Khulna,Khulna,Garlic,Chinese Garlic,Kg,180.84,Medium,2,Rainy,No,No,Friday,166.29,8.7,0
Monsoon,Barishal,Barishal,Onion,Local Onion,Kg,75.24,Medium,2,Rainy,Yes,No,Friday,88.05,-14.5,0
Summer,Barishal,Barishal,Potato,Cold Storage Potato,Kg,40.0,Low,1,Sunny,No,Yes,Monday,30.5,31.1,1
Summer,Khulna,Khulna,Lentil,Imported Lentil,Kg,140.0,Medium,2,Flood,No,No,Tuesday,120.06,16.6,1
Winter,Rajshahi,Rajshahi,Potato,Local Potato,Kg,26.63,Medium,2,Sunny,Yes,No,Sunday,29.14,-8.6,0
Summer,Rajshahi,Rajshahi,Edible Oil,Palm Oil,L,135.2,Medium,2,Sunny,Yes,No,Saturday,162.73,-16.9,0
Monsoon,Sylhet,Sylhet,Rice,BR-28 Rice,Kg,72.58,Medium,2,Rainy,No,Yes,Thursday,71.77,1.1,0
Monsoon,Barishal,Barishal,Garlic,Local Garlic,Kg,168.74,Low,1,Flood,No,No,Friday,158.92,6.2,0
Monsoon,Chattogram,Chattogram,Edible Oil,Palm Oil,L,154.86,Medium,2,Sunny,No,No,Monday,176.57,-12.3,0
Summer,Rajshahi,Rajshahi,Garlic,Chinese Garlic,Kg,178.61,Low,1,Rainy,No,No,Monday,151.19,18.1,1
Summer,Rajshahi,Rajshahi,Edible Oil,Palm Oil,L,147.24,Medium,2,Sunny,Yes,No,Sunday,162.73,-9.5,0
Monsoon,Barishal,Barishal,Potato,Cold Storage Potato,Kg,33.41,Medium,2,Rainy,No,No,Thursday,32.63,2.4,0
Summer,Khulna,Khulna,Potato,Cold Storage Potato,Kg,29.31,Medium,2,Rainy,Yes,No,Sunday,30.5,-3.9,0
Winter,Rajshahi,Rajshahi,Onion,Local Onion,Kg,70.44,Medium,2,Sunny,Yes,Yes,Friday,82.04,-14.1,0
Winter,Chattogram,Chattogram,Lentil,Imported Lentil,Kg,111.43,Medium,2,Sunny,No,No,Saturday,119.0,-6.4,0
Summer,Karwan Bazar (Dhaka),Dhaka,Edible Oil,Palm Oil,L,180.04,Medium,2,Sunny,No,No,Saturday,162.73,10.6,0
Summer,Barishal,Barishal,Onion,Indian Onion,Kg,62.23,Medium,2,Rainy,Yes,No,Thursday,83.41,-25.4,0
Winter,Karwan Bazar (Dhaka),Dhaka,Rice,BR-28 Rice,Kg,66.15,Low,1,Sunny,Yes,No,Sunday,65.24,1.4,0
Summer,Karwan Bazar (Dhaka),Dhaka,Onion,Local Onion,Kg,100.11,High,3,Sunny,No,No,Sunday,86.06,16.3,1
Monsoon,Karwan Bazar (Dhaka),Dhaka,Edible Oil,Soybean Oil,L,190.53,Medium,2,Flood,Yes,No,Monday,178.49,6.7,0
Winter,Karwan Bazar (Dhaka),Dhaka,Garlic,Chinese Garlic,Kg,189.06,Medium,2,Sunny,No,Yes,Friday,152.03,24.4,1
Monsoon,Karwan Bazar (Dhaka),Dhaka,Rice,Miniket Rice,Kg,69.07,Low,1,Sunny,Yes,No,Saturday,70.66,-2.3,0
Winter,Khulna,Khulna,Potato,Cold Storage Potato,Kg,32.05,Medium,2,Sunny,No,Yes,Thursday,31.4,2.1,0
Monsoon,Chattogram,Chattogram,Potato,Cold Storage Potato,Kg,33.22,Medium,2,Rainy,No,No,Sunday,32.63,1.8,0
Monsoon,Khulna,Khulna,Onion,Local Onion,Kg,70.67,Medium,2,Rainy,Yes,No,Wednesday,88.05,-19.7,0
Winter,Karwan Bazar (Dhaka),Dhaka,Onion,Indian Onion,Kg,76.99,Medium,2,Sunny,Yes,No,Tuesday,78.26,-1.6,0
Winter,Karwan Bazar (Dhaka),Dhaka,Lentil,Imported Lentil,Kg,104.15,High,3,Sunny,Yes,No,Monday,119.0,-12.5,0
Monsoon,Rajshahi,Rajshahi,Onion,Indian Onion,Kg,104.82,Low,1,Sunny,No,No,Sunday,91.13,15.0,0
Monsoon,Barishal,Barishal,Potato,Cold Storage Potato,Kg,29.61,Medium,2,Rainy,No,No,Thursday,32.63,-9.3,0
Monsoon,Karwan Bazar (Dhaka),Dhaka,Rice,BR-28 Rice,Kg,69.05,Medium,2,Rainy,Yes,No,Thursday,71.77,-3.8,0
Winter,Sylhet,Sylhet,Lentil,Local Lentil,Kg,119.96,Medium,2,Sunny,No,No,Monday,116.32,3.1,0
Monsoon,Sylhet,Sylhet,Onion,Local Onion,Kg,60.62,Low,1,Sunny,No,No,Tuesday,88.05,-31.2,0
Monsoon,Sylhet,Sylhet,Lentil,Imported Lentil,Kg,131.97,Medium,2,Sunny,No,No,Saturday,126.9,4.0,0
Winter,Chattogram,Chattogram,Rice,Miniket Rice,Kg,67.03,Medium,2,Rainy,Yes,No,Friday,67.13,-0.1,0
Winter,Khulna,Khulna,Garlic,Chinese Garlic,Kg,113.59,High,3,Sunny,Yes,No,Saturday,152.03,-25.3,0
Monsoon,Chattogram,Chattogram,Onion,Indian Onion,Kg,95.11,Medium,2,Sunny,No,No,Saturday,91.13,4.4,0
Summer,Barishal,Barishal,Garlic,Chinese Garlic,Kg,144.55,High,3,Rainy,No,No,Thursday,151.19,-4.4,0
Summer,Karwan Bazar (Dhaka),Dhaka,Potato,Cold Storage Potato,Kg,29.77,High,3,Sunny,No,No,Wednesday,30.5,-2.4,0
Summer,Sylhet,Sylhet,Potato,Cold Storage Potato,Kg,29.37,Medium,2,Sunny,No,No,Saturday,30.5,-3.7,0
Monsoon,Karwan Bazar (Dhaka),Dhaka,Potato,Cold Storage Potato,Kg,31.12,Medium,2,Rainy,No,No,Friday,32.63,-4.6,0
Summer,Barishal,Barishal,Onion,Local Onion,Kg,120.0,Low,1,Rainy,No,No,Sunday,86.06,39.4,1
Monsoon,Chattogram,Chattogram,Rice,Najirshail Rice,Kg,74.26,Low,1,Rainy,No,No,Saturday,68.15,9.0,0
Winter,Chattogram,Chattogram,Rice,BR-28 Rice,Kg,67.08,Medium,2,Sunny,No,No,Monday,65.24,2.8,0
Winter,Karwan Bazar (Dhaka),Dhaka,Lentil,Local Lentil,Kg,115.02,Medium,2,Sunny,Yes,No,Sunday,116.32,-1.1,0
Monsoon,Rajshahi,Rajshahi,Rice,BR-28 Rice,Kg,67.38,Medium,2,Rainy,No,No,Sunday,71.77,-6.1,0
Monsoon,Chattogram,Chattogram,Lentil,Imported Lentil,Kg,131.5,Low,1,Rainy,No,No,Friday,126.9,3.6,0
Winter,Khulna,Khulna,Onion,Indian Onion,Kg,65.74,Medium,2,Sunny,Yes,No,Sunday,78.26,-16.0,0
Winter,Khulna,Khulna,Lentil,Local Lentil,Kg,105.87,Medium,2,Rainy,No,No,Tuesday,116.32,-9.0,0
Summer,Karwan Bazar (Dhaka),Dhaka,Rice,Najirshail Rice,Kg,69.65,Medium,2,Sunny,Yes,Yes,Monday,65.16,6.9,0
Monsoon,Khulna,Khulna,Potato,Cold Storage Potato,Kg,28.67,Medium,2,Rainy,No,No,Sunday,32.63,-12.1,0
Winter,Sylhet,Sylhet,Rice,Najirshail Rice,Kg,66.55,High,3,Sunny,Yes,Yes,Saturday,66.68,-0.2,0
Summer,Rajshahi,Rajshahi,Potato,Local Potato,Kg,30.87,Medium,2,Rainy,No,No,Monday,30.93,-0.2,0
Monsoon,Khulna,Khulna,Rice,BR-28 Rice,Kg,80.0,Low,1,Rainy,Yes,Yes,Thursday,71.77,11.5,0
Summer,Sylhet,Sylhet,Garlic,Local Garlic,Kg,118.43,Medium,2,Sunny,Yes,No,Wednesday,150.39,-21.3,0
Monsoon,Karwan Bazar (Dhaka),Dhaka,Garlic,Local Garlic,Kg,133.61,Medium,2,Sunny,Yes,No,Wednesday,158.92,-15.9,0
Summer,Rajshahi,Rajshahi,Garlic,Chinese Garlic,Kg,165.59,Medium,2,Sunny,No,No,Saturday,151.19,9.5,0
Monsoon,Rajshahi,Rajshahi,Garlic,Local Garlic,Kg,154.54,Medium,2,Rainy,Yes,No,Friday,158.92,-2.8,0
Monsoon,Karwan Bazar (Dhaka),Dhaka,Edible Oil,Palm Oil,L,153.11,Medium,2,Sunny,No,No,Sunday,176.57,-13.3,0
Monsoon,Chattogram,Chattogram,Lentil,Imported Lentil,Kg,135.55,Medium,2,Flood,Yes,Yes,Friday,126.9,6.8,0
Winter,Rajshahi,Rajshahi,Garlic,Local Garlic,Kg,152.09,Medium,2,Sunny,Yes,No,Wednesday,158.6,-4.1,0
Monsoon,Karwan Bazar (Dhaka),Dhaka,Rice,Miniket Rice,Kg,76.46,Low,1,Flood,Yes,No,Wednesday,70.66,8.2,0
Monsoon,Chattogram,Chattogram,Edible Oil,Soybean Oil,L,177.52,Low,1,Rainy,No,No,Thursday,178.49,-0.5,0
Summer,Rajshahi,Rajshahi,Potato,Cold Storage Potato,Kg,28.03,High,3,Sunny,Yes,No,Monday,30.5,-8.1,0
Winter,Rajshahi,Rajshahi,Potato,Cold Storage Potato,Kg,31.73,High,3,Sunny,Yes,No,Friday,31.4,1.1,0
Summer,Karwan Bazar (Dhaka),Dhaka,Garlic,Chinese Garlic,Kg,151.19,Medium,2,Sunny,Yes,No,Sunday,151.19,0.0,0
Summer,Chattogram,Chattogram,Rice,BR-28 Rice,Kg,54.56,Low,1,Sunny,Yes,No,Monday,65.77,-17.0,0
Monsoon,Karwan Bazar (Dhaka),Dhaka,Onion,Indian Onion,Kg,112.07,Low,1,Flood,No,Yes,Thursday,91.13,23.0,1
Monsoon,Rajshahi,Rajshahi,Onion,Indian Onion,Kg,87.9,High,3,Rainy,Yes,Yes,Friday,91.13,-3.5,0
Monsoon,Chattogram,Chattogram,Rice,Miniket Rice,Kg,80.0,Medium,2,Rainy,No,Yes,Sunday,70.66,13.2,0
Winter,Rajshahi,Rajshahi,Edible Oil,Palm Oil,L,167.66,Medium,2,Sunny,No,No,Wednesday,167.63,0.0,0
Monsoon,Karwan Bazar (Dhaka),Dhaka,Edible Oil,Soybean Oil,L,180.41,Low,1,Sunny,No,No,Monday,178.49,1.1,0
Summer,Barishal,Barishal,Edible Oil,Palm Oil,L,146.5,Medium,2,Rainy,No,No,Monday,162.73,-10.0,0
Summer,Khulna,Khulna,Onion,Indian Onion,Kg,111.59,High,3,Sunny,No,Yes,Wednesday,83.41,33.8,1
Monsoon,Sylhet,Sylhet,Rice,Najirshail Rice,Kg,66.27,Medium,2,Sunny,Yes,No,Sunday,68.15,-2.8,0
Winter,Rajshahi,Rajshahi,Rice,Najirshail Rice,Kg,73.38,Low,1,Sunny,Yes,No,Saturday,66.68,10.0,0
Winter,Chattogram,Chattogram,Lentil,Local Lentil,Kg,114.57,Medium,2,Rainy,Yes,No,Sunday,116.32,-1.5,0
Monsoon,Chattogram,Chattogram,Rice,Najirshail Rice,Kg,73.78,Low,1,Flood,Yes,No,Sunday,68.15,8.3,0
Summer,Karwan Bazar (Dhaka),Dhaka,Rice,Najirshail Rice,Kg,70.98,Medium,2,Rainy,Yes,Yes,Monday,65.16,8.9,0
Summer,Chattogram,Chattogram,Potato,Local Potato,Kg,25.21,Medium,2,Sunny,Yes,No,Thursday,30.93,-18.5,0
Monsoon,Barishal,Barishal,Lentil,Local Lentil,Kg,111.48,High,3,Sunny,Yes,Yes,Monday,126.51,-11.9,0
Monsoon,Sylhet,Sylhet,Potato,Local Potato,Kg,31.32,Low,1,Rainy,No,No,Wednesday,33.39,-6.2,0
Summer,Khulna,Khulna,Potato,Cold Storage Potato,Kg,31.34,High,3,Sunny,No,No,Sunday,30.5,2.8,0
Summer,Karwan Bazar (Dhaka),Dhaka,Potato,Local Potato,Kg,28.72,Medium,2,Rainy,Yes,No,Sunday,30.93,-7.1,0
Monsoon,Chattogram,Chattogram,Rice,Najirshail Rice,Kg,67.03,Medium,2,Sunny,Yes,Yes,Saturday,68.15,-1.6,0
Monsoon,Chattogram,Chattogram,Edible Oil,Soybean Oil,L,141.58,Medium,2,Rainy,Yes,No,Saturday,178.49,-20.7,0
Summer,Chattogram,Chattogram,Potato,Cold Storage Potato,Kg,33.8,Medium,2,Flood,Yes,No,Sunday,30.5,10.8,0
Summer,Karwan Bazar (Dhaka),Dhaka,Lentil,Local Lentil,Kg,140.0,Low,1,Rainy,No,No,Monday,118.59,18.1,1
Monsoon,Sylhet,Sylhet,Potato,Local Potato,Kg,30.89,Medium,2,Flood,No,No,Sunday,33.39,-7.5,0
Monsoon,Chattogram,Chattogram,Rice,BR-28 Rice,Kg,70.87,High,3,Sunny,No,No,Friday,71.77,-1.3,0
Monsoon,Karwan Bazar (Dhaka),Dhaka,Rice,Najirshail Rice,Kg,80.0,Medium,2,Flood,No,Yes,Saturday,68.15,17.4,1
Summer,Chattogram,Chattogram,Onion,Indian Onion,Kg,88.49,Medium,2,Sunny,No,No,Monday,83.41,6.1,0
Winter,Barishal,Barishal,Rice,Miniket Rice,Kg,59.14,Medium,2,Sunny,Yes,No,Sunday,67.13,-11.9,0
Monsoon,Chattogram,Chattogram,Lentil,Imported Lentil,Kg,140.0,Low,1,Rainy,No,Yes,Saturday,126.9,10.3,0
Monsoon,Barishal,Barishal,Onion,Local Onion,Kg,111.05,Low,1,Flood,No,Yes,Thursday,88.05,26.1,1
Monsoon,Sylhet,Sylhet,Garlic,Local Garlic,Kg,192.49,Medium,2,Rainy,No,No,Saturday,158.92,21.1,1
Summer,Rajshahi,Rajshahi,Onion,Indian Onion,Kg,78.83,Medium,2,Rainy,Yes,Yes,Wednesday,83.41,-5.5,0
Summer,Khulna,Khulna,Onion,Indian Onion,Kg,62.8,Low,1,Rainy,Yes,No,Wednesday,83.41,-24.7,0
Winter,Chattogram,Chattogram,Onion,Local Onion,Kg,88.9,Medium,2,Sunny,Yes,Yes,Thursday,82.04,8.4,0
Summer,Chattogram,Chattogram,Rice,Najirshail Rice,Kg,71.79,Low,1,Sunny,Yes,No,Thursday,65.16,10.2,0
Summer,Chattogram,Chattogram,Onion,Local Onion,Kg,83.4,Medium,2,Sunny,Yes,Yes,Monday,86.06,-3.1,0
Summer,Sylhet,Sylhet,Potato,Cold Storage Potato,Kg,26.36,High,3,Sunny,Yes,No,Tuesday,30.5,-13.6,0
Winter,Karwan Bazar (Dhaka),Dhaka,Rice,Najirshail Rice,Kg,65.49,High,3,Rainy,Yes,No,Sunday,66.68,-1.8,0
Monsoon,Chattogram,Chattogram,Edible Oil,Soybean Oil,L,173.06,Medium,2,Flood,No,No,Wednesday,178.49,-3.0,0
Monsoon,Rajshahi,Rajshahi,Onion,Local Onion,Kg,112.84,Low,1,Rainy,No,Yes,Monday,88.05,28.2,1
Winter,Rajshahi,Rajshahi,Edible Oil,Soybean Oil,L,158.44,Medium,2,Sunny,No,No,Sunday,168.34,-5.9,0
Summer,Sylhet,Sylhet,Edible Oil,Palm Oil,L,160.58,High,3,Sunny,No,No,Sunday,162.73,-1.3,0
Monsoon,Karwan Bazar (Dhaka),Dhaka,Edible Oil,Soybean Oil,L,178.49,Medium,2,Sunny,No,Yes,Sunday,178.49,0.0,0
Monsoon,Chattogram,Chattogram,Garlic,Chinese Garlic,Kg,179.26,Low,1,Rainy,No,Yes,Thursday,166.29,7.8,0
Monsoon,Chattogram,Chattogram,Rice,Miniket Rice,Kg,65.33,Medium,2,Rainy,Yes,Yes,Thursday,70.66,-7.5,0
Monsoon,Rajshahi,Rajshahi,Garlic,Chinese Garlic,Kg,118.97,Medium,2,Rainy,Yes,No,Wednesday,166.29,-28.5,0
Summer,Chattogram,Chattogram,Edible Oil,Palm Oil,L,135.23,High,3,Sunny,Yes,No,Friday,162.73,-16.9,0
Monsoon,Khulna,Khulna,Garlic,Chinese Garlic,Kg,152.74,High,3,Rainy,Yes,Yes,Tuesday,166.29,-8.1,0
Summer,Khulna,Khulna,Edible Oil,Palm Oil,L,141.33,High,3,Sunny,No,No,Thursday,162.73,-13.2,0
Summer,Khulna,Khulna,Garlic,Local Garlic,Kg,143.86,Low,1,Sunny,No,No,Wednesday,150.39,-4.3,0
Winter,Barishal,Barishal,Rice,Miniket Rice,Kg,61.32,Medium,2,Sunny,No,No,Friday,67.13,-8.7,0
Summer,Karwan Bazar (Dhaka),Dhaka,Rice,Najirshail Rice,Kg,61.21,High,3,Sunny,No,No,Sunday,65.16,-6.1,0
Winter,Khulna,Khulna,Edible Oil,Palm Oil,L,175.97,Medium,2,Rainy,No,No,Tuesday,167.63,5.0,0
Monsoon,Chattogram,Chattogram,Potato,Local Potato,Kg,31.27,Medium,2,Sunny,No,No,Thursday,33.39,-6.3,0
Monsoon,Khulna,Khulna,Rice,Miniket Rice,Kg,69.49,Medium,2,Rainy,Yes,No,Sunday,70.66,-1.7,0
Summer,Sylhet,Sylhet,Lentil,Local Lentil,Kg,135.44,Medium,2,Rainy,No,Yes,Saturday,118.59,14.2,0
Summer,Chattogram,Chattogram,Rice,BR-28 Rice,Kg,64.96,Medium,2,Rainy,Yes,No,Tuesday,65.77,-1.2,0
Winter,Rajshahi,Rajshahi,Onion,Local Onion,Kg,92.28,Medium,2,Sunny,No,No,Monday,82.04,12.5,0
Summer,Chattogram,Chattogram,Lentil,Imported Lentil,Kg,140.0,Low,1,Sunny,No,Yes,Wednesday,120.06,16.6,1
Winter,Chattogram,Chattogram,Potato,Local Potato,Kg,32.25,Low,1,Rainy,Yes,No,Monday,29.14,10.7,0
Monsoon,Barishal,Barishal,Lentil,Local Lentil,Kg,111.55,Medium,2,Sunny,No,No,Monday,126.51,-11.8,0
Monsoon,Karwan Bazar (Dhaka),Dhaka,Rice,Miniket Rice,Kg,76.41,Medium,2,Flood,Yes,Yes,Wednesday,70.66,8.1,0
Summer,Karwan Bazar (Dhaka),Dhaka,Garlic,Local Garlic,Kg,160.77,Medium,2,Rainy,Yes,No,Wednesday,150.39,6.9,0
Winter,Karwan Bazar (Dhaka),Dhaka,Potato,Cold Storage Potato,Kg,32.22,Medium,2,Sunny,No,No,Thursday,31.4,2.6,0
Monsoon,Rajshahi,Rajshahi,Potato,Local Potato,Kg,36.82,Low,1,Flood,No,Yes,Saturday,33.39,10.3,0
Monsoon,Chattogram,Chattogram,Garlic,Chinese Garlic,Kg,147.92,High,3,Sunny,Yes,Yes,Sunday,166.29,-11.0,0
Winter,Chattogram,Chattogram,Garlic,Chinese Garlic,Kg,162.65,Medium,2,Sunny,No,No,Monday,152.03,7.0,0
Monsoon,Karwan Bazar (Dhaka),Dhaka,Potato,Cold Storage Potato,Kg,30.54,High,3,Rainy,Yes,No,Saturday,32.63,-6.4,0
Summer,Chattogram,Chattogram,Rice,BR-28 Rice,Kg,56.33,High,3,Rainy,Yes,No,Sunday,65.77,-14.4,0
Summer,Chattogram,Chattogram,Rice,BR-28 Rice,Kg,80.0,Low,1,Sunny,No,No,Monday,65.77,21.6,1
Summer,Rajshahi,Rajshahi,Garlic,Chinese Garlic,Kg,195.74,Low,1,Rainy,No,No,Monday,151.19,29.5,1
Winter,Rajshahi,Rajshahi,Edible Oil,Soybean Oil,L,157.37,Medium,2,Sunny,No,No,Tuesday,168.34,-6.5,0
Summer,Rajshahi,Rajshahi,Lentil,Imported Lentil,Kg,124.98,Medium,2,Rainy,No,No,Sunday,120.06,4.1,0
Monsoon,Khulna,Khulna,Edible Oil,Palm Oil,L,184.44,Low,1,Rainy,No,No,Sunday,176.57,4.5,0
Monsoon,Rajshahi,Rajshahi,Edible Oil,Soybean Oil,L,164.89,Medium,2,Sunny,No,No,Tuesday,178.49,-7.6,0
Monsoon,Rajshahi,Rajshahi,Rice,Najirshail Rice,Kg,61.34,Medium,2,Rainy,Yes,No,Wednesday,68.15,-10.0,0
Summer,Chattogram,Chattogram,Edible Oil,Soybean Oil,L,178.08,High,3,Sunny,No,No,Saturday,170.56,4.4,0
Winter,Chattogram,Chattogram,Rice,Najirshail Rice,Kg,59.25,High,3,Rainy,Yes,No,Thursday,66.68,-11.1,0
Summer,Karwan Bazar (Dhaka),Dhaka,Potato,Cold Storage Potato,Kg,35.32,Low,1,Sunny,Yes,No,Thursday,30.5,15.8,1
Monsoon,Karwan Bazar (Dhaka),Dhaka,Potato,Local Potato,Kg,37.38,Low,1,Rainy,No,Yes,Thursday,33.39,11.9,0
Winter,Sylhet,Sylhet,Edible Oil,Palm Oil,L,174.29,Medium,2,Sunny,No,No,Saturday,167.63,4.0,0
Winter,Khulna,Khulna,Rice,Miniket Rice,Kg,67.23,Medium,2,Rainy,No,No,Saturday,67.13,0.1,0
Monsoon,Barishal,Barishal,Lentil,Imported Lentil,Kg,140.0,Low,1,Rainy,No,Yes,Saturday,126.9,10.3,0
Winter,Sylhet,Sylhet,Potato,Cold Storage Potato,Kg,36.35,Low,1,Rainy,No,No,Wednesday,31.4,15.8,1
Winter,Sylhet,Sylhet,Garlic,Local Garlic,Kg,147.01,Medium,2,Rainy,Yes,No,Sunday,158.6,-7.3,0
Summer,Karwan Bazar (Dhaka),Dhaka,Lentil,Local Lentil,Kg,100.14,Medium,2,Sunny,Yes,No,Wednesday,118.59,-15.6,0
Monsoon,Barishal,Barishal,Garlic,Chinese Garlic,Kg,183.38,Medium,2,Rainy,No,No,Tuesday,166.29,10.3,0
Summer,Khulna,Khulna,Lentil,Imported Lentil,Kg,118.46,Medium,2,Sunny,Yes,Yes,Wednesday,120.06,-1.3,0
Monsoon,Sylhet,Sylhet,Edible Oil,Soybean Oil,L,160.18,High,3,Sunny,Yes,Yes,Saturday,178.49,-10.3,0
Monsoon,Sylhet,Sylhet,Rice,BR-28 Rice,Kg,80.0,Low,1,Rainy,No,No,Tuesday,71.77,11.5,0
Summer,Chattogram,Chattogram,Potato,Local Potato,Kg,28.46,Medium,2,Rainy,Yes,No,Friday,30.93,-8.0,0
Winter,Rajshahi,Rajshahi,Potato,Local Potato,Kg,29.22,High,3,Rainy,Yes,No,Sunday,29.14,0.3,0
Summer,Karwan Bazar (Dhaka),Dhaka,Onion,Local Onion,Kg,46.18,Low,1,Sunny,Yes,Yes,Wednesday,86.06,-46.3,0
Monsoon,Chattogram,Chattogram,Edible Oil,Soybean Oil,L,182.64,Medium,2,Rainy,No,No,Wednesday,178.49,2.3,0
Summer,Chattogram,Chattogram,Rice,BR-28 Rice,Kg,56.24,High,3,Sunny,Yes,No,Saturday,65.77,-14.5,0
Monsoon,Sylhet,Sylhet,Rice,Najirshail Rice,Kg,57.4,Medium,2,Rainy,Yes,No,Wednesday,68.15,-15.8,0
Summer,Karwan Bazar (Dhaka),Dhaka,Potato,Local Potato,Kg,27.57,Medium,2,Sunny,Yes,No,Wednesday,30.93,-10.9,0
Monsoon,Sylhet,Sylhet,Potato,Local Potato,Kg,32.11,Medium,2,Rainy,Yes,No,Tuesday,33.39,-3.8,0
Winter,Rajshahi,Rajshahi,Rice,Najirshail Rice,Kg,62.96,High,3,Sunny,Yes,No,Friday,66.68,-5.6,0
Monsoon,Rajshahi,Rajshahi,Rice,BR-28 Rice,Kg,70.55,Medium,2,Flood,Yes,No,Friday,71.77,-1.7,0
Monsoon,Karwan Bazar (Dhaka),Dhaka,Potato,Cold Storage Potato,Kg,24.85,High,3,Rainy,Yes,No,Monday,32.63,-23.8,0
Summer,Rajshahi,Rajshahi,Rice,Najirshail Rice,Kg,62.12,High,3,Rainy,Yes,No,Thursday,65.16,-4.7,0
Winter,Barishal,Barishal,Rice,Najirshail Rice,Kg,66.17,Medium,2,Sunny,Yes,No,Wednesday,66.68,-0.8,0
Monsoon,Karwan Bazar (Dhaka),Dhaka,Onion,Indian Onion,Kg,97.99,Low,1,Flood,Yes,No,Wednesday,91.13,7.5,0
Winter,Chattogram,Chattogram,Potato,Cold Storage Potato,Kg,33.92,Medium,2,Sunny,No,Yes,Tuesday,31.4,8.0,0
Winter,Chattogram,Chattogram,Edible Oil,Soybean Oil,L,168.15,Medium,2,Sunny,No,No,Thursday,168.34,-0.1,0
Monsoon,Chattogram,Chattogram,Onion,Local Onion,Kg,71.62,High,3,Sunny,Yes,Yes,Wednesday,88.05,-18.7,0
Monsoon,Sylhet,Sylhet,Garlic,Chinese Garlic,Kg,137.86,Medium,2,Sunny,No,No,Saturday,166.29,-17.1,0
Monsoon,Karwan Bazar (Dhaka),Dhaka,Lentil,Imported Lentil,Kg,137.29,Low,1,Rainy,No,No,Thursday,126.9,8.2,0
Winter,Karwan Bazar (Dhaka),Dhaka,Edible Oil,Palm Oil,L,183.98,Medium,2,Sunny,No,No,Thursday,167.63,9.8,0
Winter,Chattogram,Chattogram,Lentil,Local Lentil,Kg,116.32,Low,1,Sunny,Yes,No,Tuesday,116.32,0.0,0
Summer,Barishal,Barishal,Rice,BR-28 Rice,Kg,76.49,Medium,2,Rainy,Yes,No,Wednesday,65.77,16.3,1
Monsoon,Khulna,Khulna,Onion,Local Onion,Kg,114.36,Low,1,Flood,No,No,Friday,88.05,29.9,1
Winter,Karwan Bazar (Dhaka),Dhaka,Rice,BR-28 Rice,Kg,62.75,Medium,2,Sunny,Yes,No,Saturday,65.24,-3.8,0
Monsoon,Khulna,Khulna,Edible Oil,Soybean Oil,L,183.83,Medium,2,Rainy,No,No,Wednesday,178.49,3.0,0
Monsoon,Sylhet,Sylhet,Potato,Local Potato,Kg,29.74,Medium,2,Sunny,Yes,No,Friday,33.39,-10.9,0
Monsoon,Barishal,Barishal,Lentil,Imported Lentil,Kg,105.6,Medium,2,Rainy,Yes,No,Thursday,126.9,-16.8,0
Winter,Rajshahi,Rajshahi,Garlic,Local Garlic,Kg,183.6,Low,1,Rainy,No,No,Tuesday,158.6,15.8,1
Summer,Sylhet,Sylhet,Edible Oil,Palm Oil,L,161.48,Medium,2,Sunny,No,No,Tuesday,162.73,-0.8,0
Monsoon,Karwan Bazar (Dhaka),Dhaka,Onion,Local Onion,Kg,106.08,Medium,2,Rainy,No,No,Tuesday,88.05,20.5,1
Winter,Karwan Bazar (Dhaka),Dhaka,Garlic,Local Garlic,Kg,128.45,Medium,2,Rainy,Yes,No,Wednesday,158.6,-19.0,0
Monsoon,Chattogram,Chattogram,Lentil,Imported Lentil,Kg,140.0,Medium,2,Rainy,No,Yes,Friday,126.9,10.3,0
Summer,Chattogram,Chattogram,Rice,Najirshail Rice,Kg,67.76,Low,1,Sunny,No,No,Tuesday,65.16,4.0,0
Summer,Karwan Bazar (Dhaka),Dhaka,Garlic,Chinese Garlic,Kg,143.95,High,3,Sunny,No,No,Wednesday,151.19,-4.8,0
Monsoon,Karwan Bazar (Dhaka),Dhaka,Rice,Najirshail Rice,Kg,72.6,Medium,2,Rainy,No,Yes,Sunday,68.15,6.5,0
Summer,Rajshahi,Rajshahi,Rice,Miniket Rice,Kg,64.43,Low,1,Sunny,Yes,No,Thursday,65.97,-2.3,0
Summer,Khulna,Khulna,Garlic,Local Garlic,Kg,152.24,Medium,2,Sunny,Yes,No,Saturday,150.39,1.2,0
Monsoon,Sylhet,Sylhet,Rice,Miniket Rice,Kg,72.02,Medium,2,Rainy,No,No,Friday,70.66,1.9,0
Winter,Rajshahi,Rajshahi,Edible Oil,Soybean Oil,L,162.58,High,3,Sunny,No,No,Sunday,168.34,-3.4,0
Summer,Khulna,Khulna,Potato,Local Potato,Kg,26.99,Medium,2,Sunny,Yes,No,Monday,30.93,-12.7,0
Monsoon,Barishal,Barishal,Garlic,Local Garlic,Kg,155.1,Medium,2,Rainy,No,No,Tuesday,158.92,-2.4,0
Summer,Sylhet,Sylhet,Garlic,Local Garlic,Kg,147.86,Medium,2,Sunny,Yes,No,Sunday,150.39,-1.7,0
Winter,Karwan Bazar (Dhaka),Dhaka,Onion,Indian Onion,Kg,91.44,Medium,2,Sunny,No,No,Saturday,78.26,16.8,1
Monsoon,Rajshahi,Rajshahi,Onion,Indian Onion,Kg,99.34,Medium,2,Rainy,No,Yes,Monday,91.13,9.0,0
Summer,Sylhet,Sylhet,Potato,Cold Storage Potato,Kg,31.34,Low,1,Rainy,Yes,No,Saturday,30.5,2.8,0
Summer,Sylhet,Sylhet,Edible Oil,Soybean Oil,L,125.9,High,3,Sunny,Yes,No,Friday,170.56,-26.2,0
Winter,Rajshahi,Rajshahi,Edible Oil,Soybean Oil,L,200.0,Low,1,Rainy,No,No,Friday,168.34,18.8,1
Summer,Rajshahi,Rajshahi,Onion,Local Onion,Kg,68.92,Medium,2,Rainy,Yes,No,Sunday,86.06,-19.9,0
Summer,Rajshahi,Rajshahi,Potato,Cold Storage Potato,Kg,34.03,Medium,2,Rainy,Yes,No,Wednesday,30.5,11.6,0
Monsoon,Karwan Bazar (Dhaka),Dhaka,Edible Oil,Palm Oil,L,152.8,High,3,Sunny,No,No,Wednesday,176.57,-13.5,0
Monsoon,Karwan Bazar (Dhaka),Dhaka,Garlic,Local Garlic,Kg,138.04,Medium,2,Rainy,Yes,No,Thursday,158.92,-13.1,0
Summer,Khulna,Khulna,Lentil,Local Lentil,Kg,118.63,Medium,2,Sunny,No,No,Sunday,118.59,0.0,0
Monsoon,Chattogram,Chattogram,Onion,Local Onion,Kg,91.77,Medium,2,Rainy,No,No,Wednesday,88.05,4.2,0
Summer,Karwan Bazar (Dhaka),Dhaka,Rice,Najirshail Rice,Kg,58.44,Medium,2,Rainy,Yes,No,Thursday,65.16,-10.3,0
Summer,Chattogram,Chattogram,Potato,Cold Storage Potato,Kg,26.33,High,3,Sunny,Yes,No,Monday,30.5,-13.7,0
Monsoon,Sylhet,Sylhet,Lentil,Local Lentil,Kg,121.44,High,3,Sunny,No,No,Wednesday,126.51,-4.0,0
Monsoon,Karwan Bazar (Dhaka),Dhaka,Garlic,Local Garlic,Kg,148.87,Medium,2,Sunny,Yes,No,Saturday,158.92,-6.3,0
Monsoon,Barishal,Barishal,Potato,Local Potato,Kg,31.76,Low,1,Rainy,Yes,No,Friday,33.39,-4.9,0
Winter,Barishal,Barishal,Rice,Miniket Rice,Kg,68.05,Medium,2,Rainy,No,No,Wednesday,67.13,1.4,0
Winter,Chattogram,Chattogram,Lentil,Local Lentil,Kg,127.55,Low,1,Sunny,No,No,Wednesday,116.32,9.7,0
Winter,Karwan Bazar (Dhaka),Dhaka,Potato,Cold Storage Potato,Kg,35.08,Medium,2,Sunny,No,Yes,Saturday,31.4,11.7,0
Monsoon,Chattogram,Chattogram,Rice,BR-28 Rice,Kg,80.0,Low,1,Rainy,No,Yes,Tuesday,71.77,11.5,0
Winter,Chattogram,Chattogram,Potato,Cold Storage Potato,Kg,34.01,High,3,Sunny,Yes,No,Wednesday,31.4,8.3,0
Winter,Khulna,Khulna,Onion,Indian Onion,Kg,87.34,High,3,Sunny,No,No,Monday,78.26,11.6,0
Monsoon,Khulna,Khulna,Lentil,Imported Lentil,Kg,140.0,Medium,2,Rainy,No,Yes,Thursday,126.9,10.3,0
Monsoon,Karwan Bazar (Dhaka),Dhaka,Onion,Indian Onion,Kg,104.9,High,3,Sunny,No,No,Saturday,91.13,15.1,1
Monsoon,Chattogram,Chattogram,Potato,Cold Storage Potato,Kg,33.03,Medium,2,Rainy,No,No,Tuesday,32.63,1.2,0
Summer,Chattogram,Chattogram,Garlic,Local Garlic,Kg,137.74,High,3,Sunny,Yes,Yes,Friday,150.39,-8.4,0
Winter,Khulna,Khulna,Potato,Local Potato,Kg,36.75,Medium,2,Sunny,No,No,Tuesday,29.14,26.1,1
Monsoon,Karwan Bazar (Dhaka),Dhaka,Potato,Cold Storage Potato,Kg,24.08,Low,1,Rainy,Yes,Yes,Thursday,32.63,-26.2,0
Monsoon,Karwan Bazar (Dhaka),Dhaka,Onion,Local Onion,Kg,82.05,Medium,2,Rainy,Yes,Yes,Friday,88.05,-6.8,0
Monsoon,Rajshahi,Rajshahi,Lentil,Imported Lentil,Kg,109.47,Medium,2,Rainy,No,No,Sunday,126.9,-13.7,0
Monsoon,Barishal,Barishal,Rice,Najirshail Rice,Kg,65.66,Medium,2,Rainy,Yes,No,Friday,68.15,-3.7,0
Winter,Karwan Bazar (Dhaka),Dhaka,Rice,Miniket Rice,Kg,56.52,Medium,2,Sunny,Yes,No,Friday,67.13,-15.8,0
Winter,Rajshahi,Rajshahi,Rice,Miniket Rice,Kg,67.31,Medium,2,Sunny,Yes,No,Thursday,67.13,0.3,0
Monsoon,Khulna,Khulna,Potato,Local Potato,Kg,31.93,Low,1,Rainy,Yes,No,Saturday,33.39,-4.4,0
Monsoon,Karwan Bazar (Dhaka),Dhaka,Potato,Cold Storage Potato,Kg,34.01,Low,1,Rainy,No,Yes,Wednesday,32.63,4.2,0
Summer,Chattogram,Chattogram,Lentil,Local Lentil,Kg,102.33,Medium,2,Rainy,Yes,No,Tuesday,118.59,-13.7,0
Monsoon,Barishal,Barishal,Lentil,Imported Lentil,Kg,116.8,High,3,Rainy,No,No,Thursday,126.9,-8.0,0
Summer,Khulna,Khulna,Lentil,Local Lentil,Kg,140.0,Medium,2,Sunny,No,Yes,Tuesday,118.59,18.1,1
Winter,Rajshahi,Rajshahi,Onion,Local Onion,Kg,76.31,Medium,2,Sunny,Yes,No,Tuesday,82.04,-7.0,0
Monsoon,Chattogram,Chattogram,Edible Oil,Soybean Oil,L,156.96,High,3,Sunny,No,No,Tuesday,178.49,-12.1,0
Summer,Khulna,Khulna,Edible Oil,Soybean Oil,L,140.03,High,3,Sunny,Yes,No,Monday,170.56,-17.9,0
Summer,Barishal,Barishal,Edible Oil,Soybean Oil,L,183.23,Medium,2,Rainy,No,Yes,Sunday,170.56,7.4,0
Summer,Barishal,Barishal,Onion,Local Onion,Kg,106.27,Medium,2,Rainy,Yes,No,Wednesday,86.06,23.5,1
Monsoon,Sylhet,Sylhet,Rice,Najirshail Rice,Kg,76.98,Medium,2,Flood,No,No,Thursday,68.15,13.0,0
Winter,Karwan Bazar (Dhaka),Dhaka,Onion,Indian Onion,Kg,93.45,Low,1,Sunny,Yes,No,Saturday,78.26,19.4,1
Winter,Karwan Bazar (Dhaka),Dhaka,Potato,Local Potato,Kg,26.61,Medium,2,Rainy,Yes,No,Monday,29.14,-8.7,0
Monsoon,Barishal,Barishal,Edible Oil,Soybean Oil,L,170.84,Medium,2,Rainy,No,No,Sunday,178.49,-4.3,0
Winter,Khulna,Khulna,Potato,Cold Storage Potato,Kg,25.43,Medium,2,Sunny,Yes,No,Friday,31.4,-19.0,0
Monsoon,Rajshahi,Rajshahi,Onion,Indian Onion,Kg,71.23,Medium,2,Sunny,Yes,No,Thursday,91.13,-21.8,0
Monsoon,Barishal,Barishal,Rice,Najirshail Rice,Kg,62.43,High,3,Rainy,Yes,No,Friday,68.15,-8.4,0
Monsoon,Khulna,Khulna,Lentil,Imported Lentil,Kg,124.57,Medium,2,Rainy,No,Yes,Monday,126.9,-1.8,0
Summer,Chattogram,Chattogram,Garlic,Chinese Garlic,Kg,136.42,Medium,2,Sunny,No,No,Thursday,151.19,-9.8,0
Monsoon,Chattogram,Chattogram,Edible Oil,Soybean Oil,L,184.71,Medium,2,Sunny,No,No,Sunday,178.49,3.5,0
Winter,Khulna,Khulna,Potato,Cold Storage Potato,Kg,28.98,Medium,2,Sunny,No,No,Monday,31.4,-7.7,0
Winter,Barishal,Barishal,Rice,Najirshail Rice,Kg,67.28,Medium,2,Sunny,No,No,Thursday,66.68,0.9,0
Monsoon,Barishal,Barishal,Lentil,Imported Lentil,Kg,114.06,High,3,Rainy,No,No,Tuesday,126.9,-10.1,0
Monsoon,Karwan Bazar (Dhaka),Dhaka,Garlic,Chinese Garlic,Kg,151.8,High,3,Rainy,No,Yes,Thursday,166.29,-8.7,0
Summer,Rajshahi,Rajshahi,Lentil,Imported Lentil,Kg,99.55,Medium,2,Sunny,Yes,No,Sunday,120.06,-17.1,0
Summer,Chattogram,Chattogram,Lentil,Local Lentil,Kg,116.83,Low,1,Sunny,Yes,No,Saturday,118.59,-1.5,0
Summer,Khulna,Khulna,Onion,Indian Onion,Kg,57.22,Medium,2,Sunny,Yes,No,Sunday,83.41,-31.4,0
Monsoon,Karwan Bazar (Dhaka),Dhaka,Rice,BR-28 Rice,Kg,71.77,Medium,2,Rainy,Yes,No,Tuesday,71.77,0.0,0
Monsoon,Sylhet,Sylhet,Edible Oil,Palm Oil,L,197.27,Low,1,Sunny,No,No,Wednesday,176.57,11.7,0
Monsoon,Karwan Bazar (Dhaka),Dhaka,Onion,Indian Onion,Kg,68.38,High,3,Rainy,No,No,Friday,91.13,-25.0,0
Monsoon,Karwan Bazar (Dhaka),Dhaka,Potato,Cold Storage Potato,Kg,31.03,Medium,2,Rainy,No,No,Friday,32.63,-4.9,0
Summer,Khulna,Khulna,Rice,Miniket Rice,Kg,62.95,High,3,Sunny,Yes,No,Tuesday,65.97,-4.6,0
Monsoon,Sylhet,Sylhet,Onion,Local Onion,Kg,112.61,Low,1,Rainy,No,Yes,Friday,88.05,27.9,1
Winter,Chattogram,Chattogram,Onion,Indian Onion,Kg,112.76,Low,1,Sunny,No,No,Saturday,78.26,44.1,1
Monsoon,Khulna,Khulna,Lentil,Imported Lentil,Kg,126.9,Medium,2,Rainy,Yes,Yes,Sunday,126.9,0.0,0
Summer,Barishal,Barishal,Garlic,Local Garlic,Kg,149.37,Medium,2,Sunny,No,No,Sunday,150.39,-0.7,0
Monsoon,Sylhet,Sylhet,Edible Oil,Soybean Oil,L,200.0,Low,1,Rainy,No,No,Wednesday,178.49,12.1,0
Winter,Rajshahi,Rajshahi,Lentil,Imported Lentil,Kg,129.16,Medium,2,Sunny,No,No,Thursday,119.0,8.5,0
Summer,Karwan Bazar (Dhaka),Dhaka,Rice,Najirshail Rice,Kg,68.52,Medium,2,Rainy,No,No,Wednesday,65.16,5.2,0
Monsoon,Karwan Bazar (Dhaka),Dhaka,Onion,Local Onion,Kg,74.18,Low,1,Rainy,Yes,No,Sunday,88.05,-15.8,0
Monsoon,Karwan Bazar (Dhaka),Dhaka,Edible Oil,Palm Oil,L,156.1,Low,1,Rainy,No,No,Wednesday,176.57,-11.6,0
Monsoon,Karwan Bazar (Dhaka),Dhaka,Potato,Local Potato,Kg,33.97,Medium,2,Rainy,No,No,Wednesday,33.39,1.7,0
Monsoon,Karwan Bazar (Dhaka),Dhaka,Lentil,Imported Lentil,Kg,110.99,High,3,Rainy,No,No,Wednesday,126.9,-12.5,0
Summer,Sylhet,Sylhet,Potato,Cold Storage Potato,Kg,30.59,Medium,2,Sunny,No,No,Monday,30.5,0.3,0
Summer,Sylhet,Sylhet,Garlic,Chinese Garlic,Kg,166.29,Medium,2,Sunny,No,No,Friday,151.19,10.0,0
Monsoon,Sylhet,Sylhet,Onion,Indian Onion,Kg,90.22,Medium,2,Sunny,No,No,Sunday,91.13,-1.0,0
Summer,Karwan Bazar (Dhaka),Dhaka,Garlic,Chinese Garlic,Kg,139.69,Medium,2,Sunny,No,No,Thursday,151.19,-7.6,0
Summer,Rajshahi,Rajshahi,Edible Oil,Palm Oil,L,157.23,Medium,2,Sunny,Yes,No,Wednesday,162.73,-3.4,0
Summer,Karwan Bazar (Dhaka),Dhaka,Rice,Najirshail Rice,Kg,58.38,Medium,2,Rainy,Yes,No,Wednesday,65.16,-10.4,0
Summer,Karwan Bazar (Dhaka),Dhaka,Rice,Najirshail Rice,Kg,63.3,High,3,Sunny,Yes,No,Monday,65.16,-2.9,0
Summer,Chattogram,Chattogram,Lentil,Imported Lentil,Kg,125.27,High,3,Sunny,No,No,Saturday,120.06,4.3,0
Winter,Karwan Bazar (Dhaka),Dhaka,Rice,Najirshail Rice,Kg,50.0,Medium,2,Sunny,Yes,No,Tuesday,66.68,-25.0,0
Summer,Sylhet,Sylhet,Rice,BR-28 Rice,Kg,69.87,Medium,2,Sunny,No,Yes,Sunday,65.77,6.2,0
Winter,Chattogram,Chattogram,Garlic,Local Garlic,Kg,128.68,Medium,2,Sunny,Yes,No,Sunday,158.6,-18.9,0
Summer,Rajshahi,Rajshahi,Lentil,Local Lentil,Kg,131.04,Medium,2,Sunny,No,Yes,Sunday,118.59,10.5,0
Winter,Rajshahi,Rajshahi,Edible Oil,Soybean Oil,L,145.55,Medium,2,Sunny,Yes,No,Saturday,168.34,-13.5,0
Monsoon,Karwan Bazar (Dhaka),Dhaka,Onion,Indian Onion,Kg,109.48,Medium,2,Sunny,No,No,Monday,91.13,20.1,1
Summer,Karwan Bazar (Dhaka),Dhaka,Lentil,Local Lentil,Kg,127.91,Medium,2,Sunny,No,Yes,Saturday,118.59,7.9,0
Monsoon,Karwan Bazar (Dhaka),Dhaka,Edible Oil,Palm Oil,L,176.79,Medium,2,Sunny,No,No,Saturday,176.57,0.1,0
Summer,Karwan Bazar (Dhaka),Dhaka,Garlic,Local Garlic,Kg,147.77,Medium,2,Sunny,Yes,No,Friday,150.39,-1.7,0
Winter,Karwan Bazar (Dhaka),Dhaka,Edible Oil,Soybean Oil,L,150.49,High,3,Sunny,Yes,No,Thursday,168.34,-10.6,0
Summer,Karwan Bazar (Dhaka),Dhaka,Lentil,Imported Lentil,Kg,119.59,High,3,Sunny,No,No,Monday,120.06,-0.4,0
Summer,Chattogram,Chattogram,Onion,Indian Onion,Kg,88.8,Low,1,Rainy,No,Yes,Tuesday,83.41,6.5,0
Monsoon,Khulna,Khulna,Onion,Indian Onion,Kg,120.0,Low,1,Rainy,No,Yes,Tuesday,91.13,31.7,1
Monsoon,Barishal,Barishal,Rice,Miniket Rice,Kg,78.43,Low,1,Rainy,No,No,Friday,70.66,11.0,0
Monsoon,Chattogram,Chattogram,Potato,Cold Storage Potato,Kg,22.13,Medium,2,Sunny,Yes,No,Sunday,32.63,-32.2,0
Monsoon,Sylhet,Sylhet,Edible Oil,Soybean Oil,L,145.39,Medium,2,Rainy,No,No,Tuesday,178.49,-18.5,0
Winter,Karwan Bazar (Dhaka),Dhaka,Onion,Local Onion,Kg,88.86,Medium,2,Sunny,Yes,No,Sunday,82.04,8.3,0
Summer,Chattogram,Chattogram,Onion,Indian Onion,Kg,76.77,Medium,2,Sunny,Yes,Yes,Thursday,83.41,-8.0,0
Monsoon,Karwan Bazar (Dhaka),Dhaka,Garlic,Local Garlic,Kg,142.17,Medium,2,Sunny,No,No,Tuesday,158.92,-10.5,0
Monsoon,Barishal,Barishal,Rice,Miniket Rice,Kg,80.0,Low,1,Rainy,No,No,Monday,70.66,13.2,0
Monsoon,Karwan Bazar (Dhaka),Dhaka,Onion,Local Onion,Kg,71.18,Medium,2,Rainy,No,No,Friday,88.05,-19.2,0
Monsoon,Khulna,Khulna,Potato,Local Potato,Kg,35.3,Medium,2,Rainy,No,Yes,Wednesday,33.39,5.7,0
Winter,Rajshahi,Rajshahi,Potato,Cold Storage Potato,Kg,31.07,Medium,2,Sunny,No,No,Wednesday,31.4,-1.1,0
Summer,Chattogram,Chattogram,Garlic,Chinese Garlic,Kg,164.93,Medium,2,Sunny,No,Yes,Monday,151.19,9.1,0
Monsoon,Rajshahi,Rajshahi,Lentil,Imported Lentil,Kg,119.96,High,3,Flood,No,No,Tuesday,126.9,-5.5,0
Monsoon,Rajshahi,Rajshahi,Onion,Indian Onion,Kg,103.48,Medium,2,Sunny,No,Yes,Saturday,91.13,13.6,0
Winter,Chattogram,Chattogram,Potato,Cold Storage Potato,Kg,30.88,Medium,2,Sunny,No,No,Monday,31.4,-1.7,0
Monsoon,Barishal,Barishal,Rice,Miniket Rice,Kg,57.25,High,3,Sunny,Yes,No,Thursday,70.66,-19.0,0
Monsoon,Karwan Bazar (Dhaka),Dhaka,Rice,Najirshail Rice,Kg,56.97,Medium,2,Rainy,Yes,No,Monday,68.15,-16.4,0
Summer,Rajshahi,Rajshahi,Garlic,Local Garlic,Kg,164.02,Medium,2,Sunny,No,No,Tuesday,150.39,9.1,0
Monsoon,Chattogram,Chattogram,Edible Oil,Soybean Oil,L,161.46,Medium,2,Sunny,No,No,Monday,178.49,-9.5,0
Winter,Chattogram,Chattogram,Lentil,Local Lentil,Kg,123.39,Medium,2,Sunny,No,No,Friday,116.32,6.1,0
Monsoon,Rajshahi,Rajshahi,Rice,BR-28 Rice,Kg,68.44,Medium,2,Rainy,No,No,Friday,71.77,-4.6,0
Monsoon,Chattogram,Chattogram,Rice,BR-28 Rice,Kg,71.71,Medium,2,Flood,No,No,Sunday,71.77,-0.1,0
Monsoon,Khulna,Khulna,Onion,Indian Onion,Kg,74.77,High,3,Rainy,Yes,No,Saturday,91.13,-18.0,0
Summer,Rajshahi,Rajshahi,Edible Oil,Soybean Oil,L,161.64,Medium,2,Sunny,No,Yes,Wednesday,170.56,-5.2,0
Monsoon,Karwan Bazar (Dhaka),Dhaka,Onion,Indian Onion,Kg,73.78,Medium,2,Rainy,Yes,Yes,Saturday,91.13,-19.0,0
Monsoon,Chattogram,Chattogram,Garlic,Local Garlic,Kg,144.04,Medium,2,Rainy,No,No,Tuesday,158.92,-9.4,0
Winter,Chattogram,Chattogram,Potato,Cold Storage Potato,Kg,32.8,Low,1,Sunny,No,No,Sunday,31.4,4.5,0
Summer,Karwan Bazar (Dhaka),Dhaka,Potato,Cold Storage Potato,Kg,30.64,High,3,Sunny,No,No,Wednesday,30.5,0.5,0
Summer,Khulna,Khulna,Rice,Najirshail Rice,Kg,69.07,Medium,2,Sunny,Yes,Yes,Wednesday,65.16,6.0,0
Monsoon,Sylhet,Sylhet,Lentil,Imported Lentil,Kg,140.0,Medium,2,Flood,No,No,Tuesday,126.9,10.3,0
Winter,Rajshahi,Rajshahi,Potato,Local Potato,Kg,29.45,Medium,2,Sunny,Yes,No,Saturday,29.14,1.0,0
Monsoon,Barishal,Barishal,Edible Oil,Soybean Oil,L,196.84,Medium,2,Flood,No,No,Tuesday,178.49,10.3,0
Summer,Karwan Bazar (Dhaka),Dhaka,Rice,Miniket Rice,Kg,57.21,Medium,2,Rainy,Yes,No,Tuesday,65.97,-13.3,0
Winter,Rajshahi,Rajshahi,Garlic,Chinese Garlic,Kg,156.02,Medium,2,Rainy,Yes,No,Tuesday,152.03,2.6,0
Monsoon,Barishal,Barishal,Edible Oil,Palm Oil,L,165.99,Medium,2,Rainy,No,No,Friday,176.57,-6.0,0
Summer,Rajshahi,Rajshahi,Rice,Miniket Rice,Kg,70.69,Medium,2,Rainy,No,No,Tuesday,65.97,7.2,0
Winter,Sylhet,Sylhet,Rice,Miniket Rice,Kg,67.48,Medium,2,Sunny,No,No,Wednesday,67.13,0.5,0
Summer,Karwan Bazar (Dhaka),Dhaka,Lentil,Imported Lentil,Kg,121.66,Medium,2,Rainy,Yes,No,Thursday,120.06,1.3,0
Monsoon,Karwan Bazar (Dhaka),Dhaka,Rice,BR-28 Rice,Kg,76.96,High,3,Rainy,No,No,Sunday,71.77,7.2,0
Monsoon,Khulna,Khulna,Lentil,Local Lentil,Kg,106.4,High,3,Rainy,Yes,No,Thursday,126.51,-15.9,0
Summer,Khulna,Khulna,Rice,Miniket Rice,Kg,57.56,Medium,2,Sunny,No,No,Thursday,65.97,-12.7,0
Winter,Khulna,Khulna,Edible Oil,Soybean Oil,L,200.0,Low,1,Sunny,No,No,Thursday,168.34,18.8,1
Monsoon,Karwan Bazar (Dhaka),Dhaka,Onion,Indian Onion,Kg,78.22,Medium,2,Sunny,No,Yes,Saturday,91.13,-14.2,0
Summer,Chattogram,Chattogram,Rice,Najirshail Rice,Kg,57.14,Medium,2,Sunny,Yes,Yes,Sunday,65.16,-12.3,0
Summer,Karwan Bazar (Dhaka),Dhaka,Edible Oil,Soybean Oil,L,161.78,Medium,2,Sunny,No,No,Sunday,170.56,-5.1,0
Summer,Rajshahi,Rajshahi,Rice,BR-28 Rice,Kg,57.58,Medium,2,Sunny,Yes,No,Tuesday,65.77,-12.5,0
Monsoon,Karwan Bazar (Dhaka),Dhaka,Rice,Najirshail Rice,Kg,63.81,Low,1,Rainy,Yes,No,Monday,68.15,-6.4,0
Summer,Khulna,Khulna,Edible Oil,Soybean Oil,L,166.07,High,3,Sunny,No,Yes,Sunday,170.56,-2.6,0
Winter,Chattogram,Chattogram,Lentil,Imported Lentil,Kg,122.75,Medium,2,Rainy,Yes,Yes,Monday,119.0,3.2,0
Monsoon,Chattogram,Chattogram,Potato,Cold Storage Potato,Kg,30.22,Medium,2,Sunny,No,No,Tuesday,32.63,-7.4,0
Summer,Chattogram,Chattogram,Rice,Miniket Rice,Kg,59.19,High,3,Sunny,No,No,Tuesday,65.97,-10.3,0
Winter,Sylhet,Sylhet,Rice,Najirshail Rice,Kg,71.31,Medium,2,Sunny,No,No,Wednesday,66.68,6.9,0
Summer,Chattogram,Chattogram,Potato,Cold Storage Potato,Kg,37.31,Medium,2,Sunny,No,No,Thursday,30.5,22.3,1
Summer,Rajshahi,Rajshahi,Potato,Local Potato,Kg,30.1,High,3,Sunny,Yes,Yes,Thursday,30.93,-2.7,0
Summer,Karwan Bazar (Dhaka),Dhaka,Edible Oil,Palm Oil,L,178.12,Medium,2,Rainy,No,No,Friday,162.73,9.5,0
Summer,Sylhet,Sylhet,Rice,Miniket Rice,Kg,61.34,High,3,Sunny,Yes,No,Friday,65.97,-7.0,0
Summer,Karwan Bazar (Dhaka),Dhaka,Lentil,Imported Lentil,Kg,123.82,Low,1,Sunny,No,No,Saturday,120.06,3.1,0
Winter,Sylhet,Sylhet,Rice,Najirshail Rice,Kg,55.24,Medium,2,Sunny,Yes,No,Thursday,66.68,-17.2,0
Winter,Barishal,Barishal,Lentil,Imported Lentil,Kg,119.56,Medium,2,Rainy,Yes,No,Tuesday,119.0,0.5,0
Monsoon,Sylhet,Sylhet,Rice,Miniket Rice,Kg,70.99,Medium,2,Rainy,Yes,No,Friday,70.66,0.5,0
Summer,Rajshahi,Rajshahi,Lentil,Imported Lentil,Kg,128.13,Medium,2,Rainy,No,No,Thursday,120.06,6.7,0
Summer,Rajshahi,Rajshahi,Potato,Local Potato,Kg,30.38,High,3,Sunny,No,Yes,Monday,30.93,-1.8,0
Summer,Rajshahi,Rajshahi,Potato,Local Potato,Kg,29.04,Medium,2,Sunny,No,No,Sunday,30.93,-6.1,0
Monsoon,Rajshahi,Rajshahi,Rice,Miniket Rice,Kg,62.96,Medium,2,Rainy,No,No,Tuesday,70.66,-10.9,0
Monsoon,Chattogram,Chattogram,Onion,Indian Onion,Kg,68.84,High,3,Rainy,No,No,Saturday,91.13,-24.5,0
Summer,Rajshahi,Rajshahi,Lentil,Imported Lentil,Kg,117.58,Medium,2,Rainy,No,No,Monday,120.06,-2.1,0
Summer,Khulna,Khulna,Potato,Cold Storage Potato,Kg,34.91,Medium,2,Rainy,Yes,No,Thursday,30.5,14.5,0
Monsoon,Khulna,Khulna,Rice,Miniket Rice,Kg,72.28,Medium,2,Flood,No,No,Friday,70.66,2.3,0
Winter,Karwan Bazar (Dhaka),Dhaka,Edible Oil,Soybean Oil,L,172.16,Medium,2,Rainy,No,No,Thursday,168.34,2.3,0
Monsoon,Rajshahi,Rajshahi,Potato,Cold Storage Potato,Kg,31.24,High,3,Rainy,No,No,Thursday,32.63,-4.3,0
Winter,Karwan Bazar (Dhaka),Dhaka,Edible Oil,Soybean Oil,L,154.6,Medium,2,Sunny,Yes,No,Saturday,168.34,-8.2,0
Summer,Sylhet,Sylhet,Garlic,Chinese Garlic,Kg,124.25,High,3,Sunny,Yes,No,Saturday,151.19,-17.8,0
Summer,Chattogram,Chattogram,Onion,Indian Onion,Kg,87.42,Low,1,Rainy,No,No,Tuesday,83.41,4.8,0
Winter,Chattogram,Chattogram,Rice,BR-28 Rice,Kg,58.88,High,3,Sunny,Yes,No,Monday,65.24,-9.7,0
Summer,Khulna,Khulna,Edible Oil,Palm Oil,L,153.59,Medium,2,Sunny,No,No,Thursday,162.73,-5.6,0
Monsoon,Chattogram,Chattogram,Rice,Miniket Rice,Kg,79.15,Medium,2,Rainy,No,No,Sunday,70.66,12.0,0
Monsoon,Sylhet,Sylhet,Garlic,Local Garlic,Kg,173.63,Medium,2,Rainy,Yes,No,Monday,158.92,9.3,0
Summer,Karwan Bazar (Dhaka),Dhaka,Onion,Local Onion,Kg,45.09,High,3,Sunny,Yes,No,Tuesday,86.06,-47.6,0
Winter,Sylhet,Sylhet,Edible Oil,Soybean Oil,L,153.29,Medium,2,Rainy,Yes,No,Tuesday,168.34,-8.9,0
Summer,Karwan Bazar (Dhaka),Dhaka,Lentil,Imported Lentil,Kg,102.08,Medium,2,Sunny,Yes,No,Saturday,120.06,-15.0,0
Winter,Rajshahi,Rajshahi,Edible Oil,Soybean Oil,L,140.59,High,3,Rainy,Yes,No,Saturday,168.34,-16.5,0
Winter,Khulna,Khulna,Rice,Najirshail Rice,Kg,72.06,High,3,Sunny,No,No,Wednesday,66.68,8.1,0
Winter,Barishal,Barishal,Onion,Local Onion,Kg,75.99,Medium,2,Sunny,No,No,Wednesday,82.04,-7.4,0
Summer,Khulna,Khulna,Potato,Cold Storage Potato,Kg,24.57,High,3,Sunny,Yes,No,Sunday,30.5,-19.4,0
Monsoon,Chattogram,Chattogram,Rice,Najirshail Rice,Kg,80.0,Medium,2,Rainy,No,No,Tuesday,68.15,17.4,1
Summer,Sylhet,Sylhet,Edible Oil,Soybean Oil,L,172.57,Medium,2,Sunny,No,No,Wednesday,170.56,1.2,0
Summer,Rajshahi,Rajshahi,Edible Oil,Palm Oil,L,161.71,Medium,2,Sunny,No,No,Tuesday,162.73,-0.6,0
Winter,Sylhet,Sylhet,Edible Oil,Palm Oil,L,174.86,High,3,Rainy,No,No,Monday,167.63,4.3,0
Winter,Barishal,Barishal,Rice,Miniket Rice,Kg,63.03,High,3,Sunny,Yes,No,Sunday,67.13,-6.1,0
Summer,Karwan Bazar (Dhaka),Dhaka,Onion,Local Onion,Kg,81.38,Medium,2,Rainy,Yes,No,Monday,86.06,-5.4,0
Summer,Karwan Bazar (Dhaka),Dhaka,Onion,Indian Onion,Kg,77.94,High,3,Sunny,Yes,No,Monday,83.41,-6.6,0
Summer,Chattogram,Chattogram,Rice,Miniket Rice,Kg,70.74,Low,1,Rainy,Yes,No,Friday,65.97,7.2,0
Monsoon,Rajshahi,Rajshahi,Edible Oil,Soybean Oil,L,169.68,Low,1,Rainy,No,No,Sunday,178.49,-4.9,0
Summer,Sylhet,Sylhet,Edible Oil,Palm Oil,L,158.88,Medium,2,Sunny,Yes,No,Monday,162.73,-2.4,0
Summer,Barishal,Barishal,Garlic,Chinese Garlic,Kg,143.17,High,3,Sunny,Yes,No,Sunday,151.19,-5.3,0
Winter,Barishal,Barishal,Onion,Indian Onion,Kg,66.87,Medium,2,Sunny,Yes,No,Thursday,78.26,-14.6,0
Summer,Karwan Bazar (Dhaka),Dhaka,Onion,Indian Onion,Kg,72.74,High,3,Rainy,No,No,Tuesday,83.41,-12.8,0
Summer,Sylhet,Sylhet,Onion,Local Onion,Kg,82.55,High,3,Sunny,Yes,No,Friday,86.06,-4.1,0
Winter,Karwan Bazar (Dhaka),Dhaka,Edible Oil,Soybean Oil,L,175.49,Medium,2,Rainy,No,Yes,Wednesday,168.34,4.2,0
Winter,Chattogram,Chattogram,Garlic,Local Garlic,Kg,172.11,Medium,2,Sunny,No,No,Thursday,158.6,8.5,0
Monsoon,Sylhet,Sylhet,Onion,Local Onion,Kg,105.61,Medium,2,Rainy,No,No,Saturday,88.05,19.9,1
Winter,Chattogram,Chattogram,Onion,Indian Onion,Kg,53.22,Medium,2,Sunny,No,No,Saturday,78.26,-32.0,0
Monsoon,Chattogram,Chattogram,Potato,Cold Storage Potato,Kg,28.08,High,3,Rainy,Yes,Yes,Saturday,32.63,-13.9,0
Monsoon,Karwan Bazar (Dhaka),Dhaka,Edible Oil,Soybean Oil,L,181.82,High,3,Sunny,No,Yes,Wednesday,178.49,1.9,0
Monsoon,Rajshahi,Rajshahi,Potato,Local Potato,Kg,30.58,High,3,Rainy,No,No,Thursday,33.39,-8.4,0
Summer,Karwan Bazar (Dhaka),Dhaka,Potato,Local Potato,Kg,40.0,Low,1,Rainy,No,No,Friday,30.93,29.3,1
Winter,Chattogram,Chattogram,Rice,Miniket Rice,Kg,70.6,Medium,2,Sunny,No,No,Sunday,67.13,5.2,0
Summer,Karwan Bazar (Dhaka),Dhaka,Garlic,Local Garlic,Kg,126.28,High,3,Sunny,Yes,No,Tuesday,150.39,-16.0,0
Summer,Karwan Bazar (Dhaka),Dhaka,Lentil,Imported Lentil,Kg,120.14,Low,1,Rainy,Yes,No,Wednesday,120.06,0.1,0
Monsoon,Khulna,Khulna,Garlic,Local Garlic,Kg,179.44,Medium,2,Rainy,No,Yes,Sunday,158.92,12.9,0
Summer,Barishal,Barishal,Potato,Local Potato,Kg,29.94,Low,1,Sunny,No,No,Sunday,30.93,-3.2,0
Monsoon,Sylhet,Sylhet,Potato,Cold Storage Potato,Kg,30.9,Medium,2,Sunny,No,No,Friday,32.63,-5.3,0
Monsoon,Karwan Bazar (Dhaka),Dhaka,Garlic,Local Garlic,Kg,181.99,Medium,2,Sunny,No,Yes,Monday,158.92,14.5,0
Monsoon,Sylhet,Sylhet,Lentil,Local Lentil,Kg,100.77,High,3,Sunny,No,No,Sunday,126.51,-20.3,0
Summer,Karwan Bazar (Dhaka),Dhaka,Potato,Local Potato,Kg,31.73,Medium,2,Sunny,No,No,Tuesday,30.93,2.6,0
Winter,Chattogram,Chattogram,Lentil,Imported Lentil,Kg,117.75,Medium,2,Sunny,No,No,Wednesday,119.0,-1.1,0
Monsoon,Rajshahi,Rajshahi,Potato,Cold Storage Potato,Kg,36.49,Medium,2,Rainy,Yes,No,Sunday,32.63,11.8,0
Winter,Barishal,Barishal,Rice,Najirshail Rice,Kg,59.49,Medium,2,Sunny,Yes,No,Saturday,66.68,-10.8,0
Winter,Khulna,Khulna,Garlic,Local Garlic,Kg,167.6,Medium,2,Rainy,Yes,No,Monday,158.6,5.7,0
Monsoon,Rajshahi,Rajshahi,Rice,BR-28 Rice,Kg,76.23,Low,1,Rainy,No,No,Friday,71.77,6.2,0
Summer,Rajshahi,Rajshahi,Lentil,Local Lentil,Kg,94.61,Medium,2,Sunny,Yes,No,Monday,118.59,-20.2,0
Monsoon,Chattogram,Chattogram,Lentil,Imported Lentil,Kg,108.2,Medium,2,Sunny,No,No,Tuesday,126.9,-14.7,0
Monsoon,Karwan Bazar (Dhaka),Dhaka,Rice,BR-28 Rice,Kg,80.0,Low,1,Rainy,No,Yes,Friday,71.77,11.5,0
Summer,Karwan Bazar (Dhaka),Dhaka,Edible Oil,Palm Oil,L,144.26,High,3,Sunny,Yes,No,Friday,162.73,-11.4,0
Summer,Rajshahi,Rajshahi,Rice,BR-28 Rice,Kg,80.0,Low,1,Flood,Yes,Yes,Sunday,65.77,21.6,1
Winter,Khulna,Khulna,Onion,Local Onion,Kg,97.87,Medium,2,Sunny,No,No,Sunday,82.04,19.3,1
Summer,Karwan Bazar (Dhaka),Dhaka,Edible Oil,Palm Oil,L,180.65,Medium,2,Sunny,No,No,Monday,162.73,11.0,0
Summer,Karwan Bazar (Dhaka),Dhaka,Garlic,Local Garlic,Kg,148.58,Medium,2,Sunny,Yes,No,Sunday,150.39,-1.2,0
Summer,Chattogram,Chattogram,Potato,Local Potato,Kg,37.03,Low,1,Rainy,Yes,Yes,Friday,30.93,19.7,1
Summer,Karwan Bazar (Dhaka),Dhaka,Lentil,Imported Lentil,Kg,126.36,High,3,Sunny,No,No,Wednesday,120.06,5.2,0
Monsoon,Chattogram,Chattogram,Onion,Indian Onion,Kg,80.59,High,3,Rainy,No,Yes,Saturday,91.13,-11.6,0
Monsoon,Khulna,Khulna,Garlic,Chinese Garlic,Kg,141.6,Medium,2,Rainy,No,No,Friday,166.29,-14.8,0
Monsoon,Barishal,Barishal,Edible Oil,Soybean Oil,L,159.71,High,3,Rainy,No,Yes,Tuesday,178.49,-10.5,0
Winter,Barishal,Barishal,Rice,BR-28 Rice,Kg,59.21,High,3,Sunny,Yes,Yes,Saturday,65.24,-9.2,0
Monsoon,Karwan Bazar (Dhaka),Dhaka,Rice,Miniket Rice,Kg,51.37,High,3,Sunny,Yes,No,Friday,70.66,-27.3,0
Monsoon,Chattogram,Chattogram,Rice,Najirshail Rice,Kg,64.23,Medium,2,Rainy,Yes,No,Tuesday,68.15,-5.8,0
Monsoon,Khulna,Khulna,Edible Oil,Soybean Oil,L,177.38,Medium,2,Rainy,No,No,Tuesday,178.49,-0.6,0
Winter,Chattogram,Chattogram,Potato,Cold Storage Potato,Kg,32.67,High,3,Sunny,No,No,Monday,31.4,4.0,0
Winter,Barishal,Barishal,Garlic,Chinese Garlic,Kg,171.32,Medium,2,Rainy,Yes,No,Saturday,152.03,12.7,0
Monsoon,Karwan Bazar (Dhaka),Dhaka,Lentil,Imported Lentil,Kg,130.73,Medium,2,Rainy,No,No,Sunday,126.9,3.0,0
Monsoon,Rajshahi,Rajshahi,Edible Oil,Palm Oil,L,159.31,Medium,2,Rainy,No,No,Friday,176.57,-9.8,0
Winter,Chattogram,Chattogram,Lentil,Imported Lentil,Kg,115.0,Medium,2,Sunny,Yes,No,Saturday,119.0,-3.4,0
Monsoon,Chattogram,Chattogram,Lentil,Local Lentil,Kg,140.0,Low,1,Rainy,No,Yes,Friday,126.51,10.7,0
Summer,Chattogram,Chattogram,Onion,Local Onion,Kg,87.4,Medium,2,Sunny,Yes,Yes,Monday,86.06,1.6,0
Winter,Barishal,Barishal,Rice,Miniket Rice,Kg,50.77,High,3,Rainy,Yes,No,Thursday,67.13,-24.4,0
Summer,Rajshahi,Rajshahi,Onion,Local Onion,Kg,92.74,Medium,2,Sunny,Yes,No,Saturday,86.06,7.8,0
Winter,Barishal,Barishal,Onion,Indian Onion,Kg,68.14,Medium,2,Sunny,No,No,Saturday,78.26,-12.9,0
Summer,Sylhet,Sylhet,Rice,Miniket Rice,Kg,69.29,Medium,2,Rainy,Yes,Yes,Monday,65.97,5.0,0
Winter,Rajshahi,Rajshahi,Lentil,Imported Lentil,Kg,110.26,High,3,Sunny,Yes,Yes,Tuesday,119.0,-7.3,0
Monsoon,Karwan Bazar (Dhaka),Dhaka,Onion,Indian Onion,Kg,87.24,Low,1,Rainy,No,No,Friday,91.13,-4.3,0
Summer,Khulna,Khulna,Potato,Cold Storage Potato,Kg,37.77,Medium,2,Sunny,No,Yes,Monday,30.5,23.8,1
Monsoon,Sylhet,Sylhet,Onion,Local Onion,Kg,90.91,Low,1,Rainy,No,No,Monday,88.05,3.2,0
Summer,Sylhet,Sylhet,Rice,BR-28 Rice,Kg,80.0,Medium,2,Sunny,No,Yes,Monday,65.77,21.6,1
Monsoon,Chattogram,Chattogram,Potato,Cold Storage Potato,Kg,36.51,High,3,Rainy,No,No,Sunday,32.63,11.9,0
Summer,Karwan Bazar (Dhaka),Dhaka,Edible Oil,Palm Oil,L,189.11,Low,1,Sunny,No,Yes,Sunday,162.73,16.2,1
Summer,Rajshahi,Rajshahi,Edible Oil,Soybean Oil,L,191.94,Medium,2,Sunny,No,No,Monday,170.56,12.5,0
Summer,Barishal,Barishal,Rice,Miniket Rice,Kg,80.0,Low,1,Sunny,No,Yes,Sunday,65.97,21.3,1
Summer,Chattogram,Chattogram,Potato,Cold Storage Potato,Kg,27.86,Medium,2,Sunny,Yes,No,Saturday,30.5,-8.7,0
Winter,Karwan Bazar (Dhaka),Dhaka,Potato,Cold Storage Potato,Kg,26.25,Medium,2,Rainy,Yes,No,Tuesday,31.4,-16.4,0
Summer,Karwan Bazar (Dhaka),Dhaka,Edible Oil,Soybean Oil,L,163.14,Medium,2,Rainy,Yes,No,Saturday,170.56,-4.3,0
